checker,code,kind,slide,n,id,verdict,claim,detail,final,adjudication
c1,FN,image,4,1,cbe005c8b3e5730e,ok,ハクチョウ（ラベル ガン→予測 ハクチョウ、モデルが正しくラベルが違う群）,,ok,
c1,FN,image,4,2,fbe34f827ba64b67,ok,ハクチョウ（モデルが正しくラベルが違う群）,,ok,
c1,FN,image,4,3,9856bd4e230ed3d8,overclaim,コクチョウ（モデルが正しくラベルが違う群）,コクチョウは合い、ガンも見当たらないのでラベルが違う点も合う。ただし右下手前に大きく1羽、左の柵ぎわに1羽、コクチョウの首の後ろに1羽、茶色のカモ（マガモの雌らしい）が写る（データでは「ガン」の枠）。ハクチョウとカモの2種が写る写真を「コクチョウ」だけ・モデルが正しい例として示すのは言い過ぎ,wrong,見落とし: コクチョウのほかに、マガモの雄1羽と雌3羽以上（右下手前は大きい）とハトが写る。ハクチョウだけの写真として扱う説明は写真と違う（ガンは写らないので、ラベルの誤りという判断は合う）
c1,FN,image,4,4,90988bc54d845592,ok,コクチョウ（モデルが正しくラベルが違う群）,,ok,
c1,FN,image,4,5,64e48b07e9a2add5,ok,カナダガン（ラベル カモ→予測 ガン、モデルが正しい群）,,ok,
c1,FN,image,4,6,54b37811bb5e40ad,ok,カナダガン（モデルが正しい群）,カナダガン3羽（右端の1羽は一部）,ok,
c1,FN,image,4,7,679a5e597d44671f,ok,カナダガン（モデルが正しい群）,,ok,
c1,FN,image,4,8,63321f1973f5cce9,ok,ハクチョウ（モデルが正しい群）,,ok,
c1,FN,image,4,9,65e297831c751675,ok,コクチョウ（モデルが正しい群）,,ok,
c1,FN,image,4,10,33ae590a0d97b084,ok,カナダガン（モデルが正しい群）,カナダガン2羽（左は翼を広げている）,ok,
c1,FN,image,4,11,6c403fe46bccb17e,ok,ハクチョウ（モデルが正しい群）,,ok,
c1,FN,image,4,12,e8fbe13cc8504f51,ok,カナダガン（モデルが正しい群）,,ok,
c1,FN,image,4,13,aca6645d590aa23f,ok,ハイイロガン（モデルが正しい群）,ハイイロガン3羽。家禽のガチョウか野生のハイイロガンかは決めきれない,ok,
c1,FN,image,5,14,2c7cee4d9b67df03,ok,ハト（6種のどれでもない鳥）,,ok,
c1,FN,image,5,15,19e26aee9ea93c39,ok,カモメ（6種のどれでもない鳥）,頭の黒褐色なカモメ類の群れ,ok,
c1,FN,image,5,16,a421bd70e3bc83b0,wrong,コサギ（6種のどれでもない鳥）,手前のコサギは合うが、その左上の後ろにマガモの雄（緑黒の頭・黄色いくちばし・白い尾・橙の脚）が飛び立つ姿で大きくはっきり写る（データでは「ガン」の枠）。6種の1つのカモが写っているので「6種のどれでもない鳥」ではない,wrong,見落とし: 元の写真で、コサギの翼の後ろに雄のマガモ（6種のカモ。黄色いくちばし・橙の脚・白い尾）が飛ぶ。コサギだけ・6種以外の鳥とする説明は写真と違う
c1,FN,image,5,17,cfae99f4ad4dfd04,ok,サギ（6種のどれでもない鳥）,飛んでいるオオアオサギ,ok,
c1,FN,image,5,18,79220d3b1f196fcd,ok,ペリカン（6種のどれでもない鳥）,コシグロペリカン2羽,ok,
c1,FN,image,5,19,c0e238dad14e2833,ok,ゲリ類（6種のどれでもない鳥）,ズグロトサカゲリ5羽,ok,
c1,FN,image,5,20,cb6d8783a3617620,ok,バン（6種のどれでもない鳥）,バン2羽,ok,
c1,FN,image,5,21,bfdb4c1235db8a5f,ok,オオバン（6種のどれでもない鳥）,,ok,
c1,FN,image,5,22,75798b9525b6d72c,ok,カツオドリ（6種のどれでもない鳥）,写るのはシロカツオドリの仲間（カツオドリ科）で、6種でない点は合う,ok,
c1,FN,image,5,23,498ae254e1ce2c98,ok,オオバン（6種のどれでもない鳥）,,ok,
c1,FN,image,6,24,895dbfa06f80d04b,ok,コクチョウ・予測ガン（モデルの誤り）,芝生のコクチョウ1羽。ラベルのカモも写っておらず、ラベルとモデルの両方が違う,ok,
c1,FN,image,6,25,a5536024ebd69580,ok,コクチョウ・予測ガン（モデルの誤り）,水面のコクチョウ1羽。ラベルのカモも写っておらず、ラベルとモデルの両方が違う,ok,
c1,FN,image,6,26,eb1b1ae30dfe0859,ok,コクチョウ・予測ガン（モデルの誤り）,手前にコクチョウ2羽。奥（上端）の水面に小さな鳥が数羽（データではカモの枠）写るが、遠くて種は決めきれない。ガンは見当たらない,ok,
c1,FN,image,6,27,62439d385f495f5f,ok,コクチョウ・予測ガン（モデルの誤り）,,ok,
c1,FN,image,6,28,1cfc18d13e57ce38,ok,コクチョウ・予測ガン（モデルの誤り）,,ok,
c1,FN,image,6,29,768b6f700c9b6f72,ok,コクチョウ・予測カモ（モデルの誤り）,,ok,
c1,FN,image,6,30,ea3604d122a4e6b8,ok,ヒドリガモ類・予測ガン（モデルの誤り）,アメリカヒドリの雄1羽,ok,
c1,FN,image,6,31,d21534a1cca6ec2d,ok,ベニバシガモ・予測ガン（モデルの誤り）,手前はベニバシガモの雄で合う。奥（右上）に首の長い茶色の鳥が一部だけ写り、データでは「ガン」と「カモ」の枠が重なる。ベニバシガモの雌などのカモか、ガンかは決めきれない,ok,
c1,FN,image,6,32,a0c526719a3f9b0f,ok,コクチョウ・予測ガン（モデルの誤り）,,ok,
c1,FN,image,6,33,8c34199588023f39,ok,コクチョウ・予測ガン（モデルの誤り）,,ok,
c1,FN,image,6,34,e622d2cf834e64dd,ok,コクチョウ・予測ガン（モデルの誤り）,,ok,
c1,FN,image,6,35,564baccf777e1ec7,ok,コクチョウ・予測ガン（モデルの誤り）,,ok,
c1,FN,image,6,36,0ea78a8ea4e50ab1,ok,コクチョウ・予測ガン（モデルの誤り）,,ok,
c1,FN,image,6,37,8f70ee9ebc91fad6,ok,コクチョウ・予測ガン（モデルの誤り）,下に別の黒い鳥（コクチョウ）の背も写る,ok,
c1,FN,image,6,38,8c9b3a301f8b5d42,ok,ガンの影・予測ハクチョウ（モデルの誤り）,空を飛ぶ4羽のシルエット。首と翼の形はガンと矛盾しないが、シルエットのため種は決めきれない,ok,
c1,FN,image,8,39,7c5a386015a1cf89,ok,マガモ（ラベル ガン→予測 カモ、予測どおりの鳥）,マガモの雄1羽,ok,
c1,FN,image,8,40,ab56f23fa316ad56,ok,マガモ（予測どおりの鳥）,マガモの雌1羽,ok,
c1,FN,image,8,41,77bfbbef28ac344c,ok,オシドリ（予測どおりの鳥）,オシドリの雄1羽,ok,
c1,FN,image,8,42,cf5d6bc1ade7ff18,ok,バリケン（予測どおりの鳥）,顔の肉瘤が小さい若いバリケンらしいカモの顔の大写し。カモである点は確か,ok,
c1,FN,image,8,43,dd00d4ae604259d9,ok,マガモ（予測どおりの鳥）,マガモの雌3羽と右の雄1羽。ガンは見当たらない,ok,
c1,FN,image,8,44,77342c4f2ac0f91b,ok,ハクチョウ（ラベル カモ→予測 ハクチョウ、予測どおりの鳥）,ハクチョウ4羽。右上の奥に小さな点（データではガン／ハクチョウの枠）があるが決めきれない。カモは見当たらない,ok,
c1,FN,image,8,45,a292025d2530ca80,ok,コクチョウ（予測どおりの鳥）,右端に灰色のひな（コクチョウのひならしい）も写る。カモは見当たらない,ok,
c1,FN,image,8,46,e6f42985d808d61b,ok,コクチョウ（予測どおりの鳥）,コクチョウ2羽,ok,
c1,FN,image,8,47,c30fbf9fe5fd93df,ok,ハクガン（ラベル ハクチョウ→予測 ガン、予測どおりの鳥）,翼の先が黒い白いガン2羽。ハクガンと矛盾しない,ok,
c1,FN,image,9,48,818e6f19db055919,ok,ツクシガモ類（決めきれない、種が見分けにくい）,パラダイスツクシガモの雄らしい1羽がはっきり写る。決めきれないのはガンかカモかの線引き,ok,
c1,FN,image,9,49,3eaf885ee61c3999,ok,2種が写る（決めきれない）,カモ多数（キンクロハジロ・マガモ・カワアイサの雌など）と右下にハクチョウ1羽。中央上の水しぶきにデータでは「ガン」の枠もあるが、ガンかは決めきれない,ok,
c1,FN,image,9,50,e9b707f0234531df,ok,小さい群れ（決めきれない、種が見分けにくい）,約15羽の群れで一部は飛び立つ。アカハシリュウキュウガモ（黒い腹・赤いくちばし）と見分けられ、決めきれないのはガンかカモかの線引き,ok,
c1,FN,image,9,51,64333d483e03c680,ok,白黒のカモ類（決めきれない）,白黒写真に手前のカモ1羽と後ろのぼけたカモ1羽。右奥にぼけた白い鳥（ハクチョウかもしれない）も写るが、決めきれない,ok,
c1,FN,slide,4,,,overclaim,22枚はモデルが正しく、正解ラベルのほうが写真と違う,図の13枚はどれもラベルの種が見当たらず予測の種が写る。ただし#3はコクチョウのほかにカモが3羽写る2種の写真で、モデルが正しいとは言い切れない,overclaim,スライドの主張: 大半の写真には合うが、上の見落とし・誤りのある写真で崩れる（主張全体が写真と違うわけではない）
c1,FN,slide,5,,,wrong,10枚はカモメやペリカンなど、6種のどれでもない鳥だ,#16はコサギの後ろにマガモの雄がはっきり写る（カモは6種の1つ）。ほかの9枚は6種のどれでもない鳥で合う,overclaim,スライドの主張: 大半の写真には合うが、上の見落とし・誤りのある写真で崩れる（主張全体が写真と違うわけではない）
c1,FN,slide,6,,,ok,モデルの誤り15枚のうち12枚は、コクチョウ（黒いハクチョウ）だ,12枚ともコクチョウが写る。#24・#25はラベルもカモで、ラベルとモデルの両方が違う,ok,
c1,FN,slide,6,,,unknown,ラベルがハクチョウの写真: コクチョウは23枚中10枚、白は8枚中0枚を誤る,図のうちラベルがハクチョウのコクチョウは10枚で合う。23枚・8枚は図にない写真を含み確かめられない,unknown,
c1,FN,slide,8,,,ok,ラベル違いの残り9枚も、写っているのは予測どおりの鳥だ,,ok,
c1,FN,slide,9,,,ok,決めきれなかった4枚は、2種が写るか、種が見分けにくい写真だ,#49はカモとハクチョウの2種、#51は白黒でぼける。#48・#50ははっきり写り種も見分けられるが、ガンかカモかの線引きが難しい鳥で、6種のどれかという意味では合う,ok,
c1,WZ,image,2,1,ea3604d122a4e6b8,none,混同表のマス ラベル カモ×予測 ガン（写真の中身の記述なし）,,none,
c1,WZ,image,2,2,a5536024ebd69580,none,マス ラベル カモ×予測 ガン（記述なし）,,none,
c1,WZ,image,2,3,77342c4f2ac0f91b,none,マス ラベル カモ×予測 ハクチョウ（記述なし）,,none,
c1,WZ,image,2,4,e6f42985d808d61b,none,マス ラベル カモ×予測 ハクチョウ（記述なし）,,none,
c1,WZ,image,2,5,7c5a386015a1cf89,none,マス ラベル ガン×予測 カモ（記述なし）,,none,
c1,WZ,image,2,6,cf5d6bc1ade7ff18,none,マス ラベル ガン×予測 カモ（記述なし）,,none,
c1,WZ,image,2,7,a421bd70e3bc83b0,none,マス ラベル ガン×予測 ハクチョウ（記述なし）,,none,
c1,WZ,image,2,8,6c403fe46bccb17e,none,マス ラベル ガン×予測 ハクチョウ（記述なし）,,none,
c1,WZ,image,2,9,768b6f700c9b6f72,none,マス ラベル ハクチョウ×予測 カモ（記述なし）,,none,
c1,WZ,image,2,10,498ae254e1ce2c98,none,マス ラベル ハクチョウ×予測 カモ（記述なし）,,none,
c1,WZ,image,2,11,62439d385f495f5f,none,マス ラベル ハクチョウ×予測 ガン（記述なし）,,none,
c1,WZ,image,2,12,8c34199588023f39,none,マス ラベル ハクチョウ×予測 ガン（記述なし）,,none,
c1,WZ,image,4,13,fbe34f827ba64b67,ok,テレビ画面（ガン→ハクチョウ＝写真の鳥はハクチョウ、ラベルが誤り）,テレビ画面にハクチョウ3羽,ok,
c1,WZ,image,4,14,90988bc54d845592,ok,黒い1羽（写真の鳥はハクチョウ、ラベルが誤り）,,ok,
c1,WZ,image,4,15,6c403fe46bccb17e,ok,白い2羽（写真の鳥はハクチョウ、ラベルが誤り）,,ok,
c1,WZ,image,4,16,818e6f19db055919,ok,ツクシガモ類（ガン→カモ＝写真の鳥はカモ）,パラダイスツクシガモの雄らしい1羽。ガンに似たカモで、カモとして矛盾しない,ok,
c1,WZ,image,4,17,77bfbbef28ac344c,ok,オシドリ（写真の鳥はカモ）,,ok,
c1,WZ,image,4,18,cf5d6bc1ade7ff18,ok,バリケン（写真の鳥はカモ）,,ok,
c1,WZ,image,4,19,54b37811bb5e40ad,ok,カナダガン（カモ→ガン＝写真の鳥はガン）,カナダガン3羽（右端の1羽は一部）,ok,
c1,WZ,image,4,20,e8fbe13cc8504f51,ok,カナダガン（写真の鳥はガン）,,ok,
c1,WZ,image,4,21,aca6645d590aa23f,ok,ガチョウ3羽（写真の鳥はガン）,灰褐色で橙のくちばしのガン3羽。ガチョウか野生のハイイロガンかは決めきれない,ok,
c1,WZ,image,4,22,77342c4f2ac0f91b,ok,白い群れ（カモ→ハクチョウ＝写真の鳥はハクチョウ）,ハクチョウ4羽。右上の奥の小さな点は決めきれないが、カモは見当たらない,ok,
c1,WZ,image,4,23,a292025d2530ca80,ok,黒とひな（写真の鳥はハクチョウ）,コクチョウと右端の灰色のひな,ok,
c1,WZ,image,4,24,e6f42985d808d61b,ok,黒い2羽（写真の鳥はハクチョウ）,,ok,
c1,WZ,image,4,25,c30fbf9fe5fd93df,ok,ハクガン（ハクチョウ→ガン＝写真の鳥はガン）,翼の先が黒い白いガン2羽,ok,
c1,WZ,image,5,26,2c7cee4d9b67df03,ok,ハトの群れ（6種のどれでもない鳥）,,ok,
c1,WZ,image,5,27,19e26aee9ea93c39,ok,カモメの群れ（6種のどれでもない鳥）,,ok,
c1,WZ,image,5,28,a421bd70e3bc83b0,wrong,コサギ（6種のどれでもない鳥）,手前のコサギは合うが、その左上の後ろにマガモの雄（緑黒の頭・黄色いくちばし・白い尾・橙の脚）が飛び立つ姿で大きくはっきり写る（データでは「ガン」の枠）。6種の1つのカモが写っているので「6種のどれでもない鳥」ではない,wrong,見落とし: 元の写真で、コサギの翼の後ろに雄のマガモ（6種のカモ。黄色いくちばし・橙の脚・白い尾）が飛ぶ。コサギだけ・6種以外の鳥とする説明は写真と違う
c1,WZ,image,5,29,cfae99f4ad4dfd04,ok,オオアオサギ（6種のどれでもない鳥）,,ok,
c1,WZ,image,5,30,79220d3b1f196fcd,ok,ペリカン2羽（6種のどれでもない鳥）,,ok,
c1,WZ,image,5,31,c0e238dad14e2833,ok,トサカゲリ（6種のどれでもない鳥）,黄色い肉垂のあるゲリ類（ズグロトサカゲリ）5羽,ok,
c1,WZ,image,5,32,cb6d8783a3617620,ok,バン2羽（6種のどれでもない鳥）,,ok,
c1,WZ,image,5,33,bfdb4c1235db8a5f,ok,オオバン（6種のどれでもない鳥）,,ok,
c1,WZ,image,5,34,75798b9525b6d72c,ok,カツオドリ類（6種のどれでもない鳥）,シロカツオドリの仲間,ok,
c1,WZ,image,5,35,498ae254e1ce2c98,ok,オオバン（6種のどれでもない鳥）,,ok,
c1,WZ,image,6,36,895dbfa06f80d04b,ok,黒いハクチョウ・予測ガン・ラベルはカモ（モデルの誤り）,,ok,
c1,WZ,image,6,37,a5536024ebd69580,ok,黒いハクチョウ・予測ガン・ラベルはカモ（モデルの誤り）,,ok,
c1,WZ,image,6,38,eb1b1ae30dfe0859,ok,黒いハクチョウ・予測ガン（モデルの誤り）,手前にコクチョウ2羽。奥（上端）の水面に小さな鳥が数羽（データではカモの枠）写るが、遠くて種は決めきれない。ガンは見当たらない,ok,
c1,WZ,image,6,39,62439d385f495f5f,ok,黒いハクチョウ・予測ガン,,ok,
c1,WZ,image,6,40,1cfc18d13e57ce38,ok,黒いハクチョウ・予測ガン,,ok,
c1,WZ,image,6,41,768b6f700c9b6f72,ok,黒いハクチョウ・予測カモ,,ok,
c1,WZ,image,6,42,ea3604d122a4e6b8,ok,ヒドリガモ類・予測ガン（それ以外）,アメリカヒドリの雄1羽,ok,
c1,WZ,image,6,43,d21534a1cca6ec2d,ok,ベニバシガモ・予測ガン（それ以外）,手前はベニバシガモの雄で合う。奥（右上）に首の長い茶色の鳥が一部だけ写り、データでは「ガン」と「カモ」の枠が重なる。ベニバシガモの雌などのカモか、ガンかは決めきれない,ok,
c1,WZ,image,6,44,a0c526719a3f9b0f,ok,黒いハクチョウ・予測ガン,,ok,
c1,WZ,image,6,45,8c34199588023f39,ok,黒いハクチョウ・予測ガン,,ok,
c1,WZ,image,6,46,e622d2cf834e64dd,ok,黒いハクチョウ・予測ガン,,ok,
c1,WZ,image,6,47,564baccf777e1ec7,ok,黒いハクチョウ・予測ガン,,ok,
c1,WZ,image,6,48,0ea78a8ea4e50ab1,ok,黒いハクチョウ・予測ガン,,ok,
c1,WZ,image,6,49,8f70ee9ebc91fad6,ok,黒いハクチョウ・予測ガン,下に別のコクチョウの背も写る,ok,
c1,WZ,image,6,50,8c9b3a301f8b5d42,ok,逆光の影・予測ハクチョウ（それ以外）,空を飛ぶ4羽のシルエット。ガンらしい形でハクチョウでない点と矛盾しないが、シルエットのため種は決めきれない,ok,
c1,WZ,image,8,51,cbe005c8b3e5730e,ok,白い3羽（写真ではハクチョウ）,ハクチョウ3羽。うち左と中央下の2羽は灰褐色の混じる若鳥,ok,
c1,WZ,image,8,52,fbe34f827ba64b67,ok,テレビ画面（写真ではハクチョウ）,,ok,
c1,WZ,image,8,53,9856bd4e230ed3d8,overclaim,黒い1羽（ガン→ハクチョウ、写真ではハクチョウ）,コクチョウ1羽は合い、ガンも見当たらないのでラベルが違う点も合う。ただし右下手前に大きく1羽、左の柵ぎわに1羽、コクチョウの首の後ろに1羽、茶色のカモ（マガモの雌らしい）が写る（データでは「ガン」の枠）。ハクチョウとカモの2種が写る写真を「黒い1羽」・写真ではハクチョウとだけ示すのは言い過ぎ,wrong,見落とし: コクチョウのほかに、マガモの雄1羽と雌3羽以上（右下手前は大きい）とハトが写る。ハクチョウだけの写真として扱う説明は写真と違う（ガンは写らないので、ラベルの誤りという判断は合う）
c1,WZ,image,8,54,90988bc54d845592,ok,黒い1羽（写真ではハクチョウ）,,ok,
c1,WZ,image,8,55,63321f1973f5cce9,ok,白い2羽（写真ではハクチョウ）,,ok,
c1,WZ,image,8,56,6c403fe46bccb17e,ok,白い2羽（写真ではハクチョウ）,,ok,
c1,WZ,image,8,57,65e297831c751675,ok,黒・白黒写真（写真ではハクチョウ）,白黒に近い写真のコクチョウ1羽,ok,
c1,WZ,image,8,58,a292025d2530ca80,ok,黒とひな（カモ→ハクチョウ、写真ではハクチョウ）,コクチョウと右端の灰色のひな。カモは見当たらない,ok,
c1,WZ,image,8,59,e6f42985d808d61b,ok,黒い2羽（写真ではハクチョウ）,,ok,
c1,WZ,image,9,60,7c5a386015a1cf89,ok,マガモ（ガン→カモ、ラベルの入れ替わり）,マガモの雄1羽,ok,
c1,WZ,image,9,61,818e6f19db055919,ok,ツクシガモ類（ラベルの入れ替わり）,パラダイスツクシガモの雄らしい1羽。ガンに似たカモで、カモとして矛盾しない,ok,
c1,WZ,image,9,62,ab56f23fa316ad56,ok,マガモ（ラベルの入れ替わり）,マガモの雌1羽,ok,
c1,WZ,image,9,63,77bfbbef28ac344c,ok,オシドリ（ラベルの入れ替わり）,,ok,
c1,WZ,image,9,64,e9b707f0234531df,ok,カモの群れ（ラベルの入れ替わり）,アカハシリュウキュウガモ（黒い腹・赤いくちばし）の群れ約15羽で、一部は飛び立つ。ガンに似たカモで、カモとして矛盾しない,ok,
c1,WZ,image,9,65,cf5d6bc1ade7ff18,ok,バリケン（ラベルの入れ替わり）,,ok,
c1,WZ,image,9,66,dd00d4ae604259d9,ok,マガモ（ラベルの入れ替わり）,マガモの雌3羽と右の雄1羽。ガンは見当たらない,ok,
c1,WZ,image,9,67,64e48b07e9a2add5,ok,カナダガン（カモ→ガン、ラベルの入れ替わり）,,ok,
c1,WZ,image,9,68,54b37811bb5e40ad,ok,カナダガン（ラベルの入れ替わり）,,ok,
c1,WZ,image,9,69,679a5e597d44671f,ok,カナダガン（ラベルの入れ替わり）,,ok,
c1,WZ,image,9,70,e8fbe13cc8504f51,ok,カナダガン（ラベルの入れ替わり）,,ok,
c1,WZ,image,9,71,33ae590a0d97b084,ok,カナダガン（ラベルの入れ替わり）,カナダガン2羽（左は翼を広げている）,ok,
c1,WZ,image,9,72,aca6645d590aa23f,ok,ガチョウ3羽（ラベルの入れ替わり）,灰褐色で橙のくちばしのガン3羽。ガチョウか野生のハイイロガンかは決めきれない,ok,
c1,WZ,image,9,73,c30fbf9fe5fd93df,ok,ハクガン（ハクチョウ→ガン）,翼の先が黒い白いガン2羽,ok,
c1,WZ,slide,4,,,ok,24枚は写真がモデルの答えどおりで、ラベルのほうが誤っている,図の13枚はどれも予測の鳥が写り、ラベルの種は見当たらない（#16はガンに似たカモのツクシガモ類）。24枚に含まれる付録の#53（スライド8）はカモも写る,ok,
c1,WZ,slide,5,,,wrong,10枚はサギやカモメなど、6種のどれでもない鳥の写真だ,#28はコサギの後ろにマガモの雄がはっきり写る（カモは6種の1つ）。ほかの9枚は6種のどれでもない鳥で合う,overclaim,スライドの主張: 大半の写真には合うが、上の見落とし・誤りのある写真で崩れる（主張全体が写真と違うわけではない）
c1,WZ,slide,6,,,ok,モデルが誤った15枚のうち12枚は、黒いハクチョウだ,12枚ともコクチョウが写る。#36・#37はラベルもカモと図に書いてある,ok,
c1,WZ,slide,8,,,overclaim,ラベルがガンかカモの10枚は、写真ではハクチョウだ,番号の付いた9枚はどれもハクチョウが写り、ラベルの種は見当たらない。ただし#53はコクチョウのほかにカモが3羽写る2種の写真。カモ→ハクチョウの「白い群れ」の1枚は番号がなく確かめていない（スライド4の#22と同じ写真に見える）,overclaim,スライドの主張: 大半の写真には合うが、上の見落とし・誤りのある写真で崩れる（主張全体が写真と違うわけではない）
c1,WZ,slide,9,,,ok,残る14枚のうち13枚は、ガンとカモのラベルが入れ替わっている,ガン→カモの7枚はどれもカモ（#61・#64はガンに似たカモ）、カモ→ガンの6枚はどれもガン。残る#73はハクガン,ok,
c2,FN,image,4,1,cbe005c8b3e5730e,ok,ハクチョウ（ラベル ガン→予測 ハクチョウ、モデルが正しくラベルが違う）,ハクチョウ3羽（左と中央下の2羽は褐色の混じる若鳥）。ガンは写っていない,ok,
c2,FN,image,4,2,fbe34f827ba64b67,ok,ハクチョウ（ラベルの誤り）,テレビ画面の中にハクチョウの成鳥2羽と奥に灰色の若鳥1羽。ガンは写っていない,ok,
c2,FN,image,4,3,9856bd4e230ed3d8,wrong,コクチョウ（ラベル ガン→予測 ハクチョウ、ラベルの誤り）,中央の大きなコクチョウは合い、ガンは写っていないのでラベルの誤りという区別も合う。しかし右下の手前（大きめ）・左奥の柵ぎわ・コクチョウの首の後ろ・右の水面に茶色のカモ（マガモの雌らしい）が3〜4羽写る（データのガンの枠はこれらのカモに付いている）。ハクチョウとカモの2種が写るのにコクチョウだけを挙げている。ほかにハトも写る,wrong,見落とし: コクチョウのほかに、マガモの雄1羽と雌3羽以上（右下手前は大きい）とハトが写る。ハクチョウだけの写真として扱う説明は写真と違う（ガンは写らないので、ラベルの誤りという判断は合う）
c2,FN,image,4,4,90988bc54d845592,ok,コクチョウ（ラベルの誤り）,,ok,
c2,FN,image,4,5,64e48b07e9a2add5,ok,カナダガン（ラベル カモ→予測 ガン、ラベルの誤り）,,ok,
c2,FN,image,4,6,54b37811bb5e40ad,ok,カナダガン（ラベルの誤り）,カナダガン2羽。カモは写っていない,ok,
c2,FN,image,4,7,679a5e597d44671f,ok,カナダガン（ラベルの誤り）,,ok,
c2,FN,image,4,8,63321f1973f5cce9,ok,ハクチョウ（ラベルの誤り）,ハクチョウ2羽,ok,
c2,FN,image,4,9,65e297831c751675,ok,コクチョウ（ラベルの誤り）,白黒写真だが、黒い体と縮れた翼の羽でコクチョウと見て矛盾しない,ok,
c2,FN,image,4,10,33ae590a0d97b084,ok,カナダガン（ラベルの誤り）,カナダガン2羽（左は羽ばたき中）,ok,
c2,FN,image,4,11,6c403fe46bccb17e,ok,ハクチョウ（ラベルの誤り）,水面を走るハクチョウ2羽,ok,
c2,FN,image,4,12,e8fbe13cc8504f51,ok,カナダガン（ラベルの誤り）,カナダガン2羽,ok,
c2,FN,image,4,13,aca6645d590aa23f,ok,ハイイロガン（ラベル カモ→予測 ガン、ラベルの誤り）,くちばしが橙のハイイロガン3羽。カモは写っていない,ok,
c2,FN,image,5,14,2c7cee4d9b67df03,ok,ハト（6種のどれでもない鳥）,空を飛ぶハトの群れ,ok,
c2,FN,image,5,15,19e26aee9ea93c39,ok,カモメ（6種のどれでもない鳥）,頭の黒いカモメ類の群れ,ok,
c2,FN,image,5,16,a421bd70e3bc83b0,wrong,コサギ（6種のどれでもない鳥）,コサギのすぐ後ろ（左上）にマガモの雄が一緒に飛んでいる（緑黒の頭・黄色いくちばし・橙の脚。体の一部はコサギの翼に隠れる）。6種のカモが写っており、6種のどれでもない鳥だけの写真ではない,wrong,見落とし: 元の写真で、コサギの翼の後ろに雄のマガモ（6種のカモ。黄色いくちばし・橙の脚・白い尾）が飛ぶ。コサギだけ・6種以外の鳥とする説明は写真と違う
c2,FN,image,5,17,cfae99f4ad4dfd04,ok,サギ（6種のどれでもない鳥）,飛んでいるアオサギ類1羽,ok,
c2,FN,image,5,18,79220d3b1f196fcd,ok,ペリカン（6種のどれでもない鳥）,ペリカン2羽,ok,
c2,FN,image,5,19,c0e238dad14e2833,ok,ゲリ類（6種のどれでもない鳥）,黄色い肉垂のあるトサカゲリ類5羽（4羽は座る）,ok,
c2,FN,image,5,20,cb6d8783a3617620,ok,バン（6種のどれでもない鳥）,バン2羽,ok,
c2,FN,image,5,21,bfdb4c1235db8a5f,ok,オオバン（6種のどれでもない鳥）,,ok,
c2,FN,image,5,22,75798b9525b6d72c,ok,カツオドリ（6種のどれでもない鳥）,頭が黄色いシロカツオドリ類の営巣地。カツオドリ科の名としては合う,ok,
c2,FN,image,5,23,498ae254e1ce2c98,ok,オオバン（6種のどれでもない鳥）,,ok,
c2,FN,image,6,24,895dbfa06f80d04b,ok,コクチョウ、予測 ガン（モデルの誤り）,芝生のコクチョウ1羽。モデルの誤りは合うが、ラベルのカモも写真と違う（ラベルとモデルの両方の誤り）,ok,
c2,FN,image,6,25,a5536024ebd69580,ok,コクチョウ、予測 ガン（モデルの誤り）,コクチョウ1羽。ラベルのカモも写真と違う（両方の誤り）,ok,
c2,FN,image,6,26,eb1b1ae30dfe0859,ok,コクチョウ、予測 ガン（モデルの誤り）,コクチョウ2羽。奥の水面と左端にカモがごく小さく写る（データにもカモの枠）が、ガンは写っておらずモデルの誤りは合う,ok,
c2,FN,image,6,27,62439d385f495f5f,ok,コクチョウ、予測 ガン（モデルの誤り）,,ok,
c2,FN,image,6,28,1cfc18d13e57ce38,ok,コクチョウ、予測 ガン（モデルの誤り）,,ok,
c2,FN,image,6,29,768b6f700c9b6f72,ok,コクチョウ、予測 カモ（モデルの誤り）,,ok,
c2,FN,image,6,30,ea3604d122a4e6b8,ok,ヒドリガモ類、予測 ガン（モデルの誤り）,アメリカヒドリの雄1羽,ok,
c2,FN,image,6,31,d21534a1cca6ec2d,ok,ベニバシガモ、予測 ガン（モデルの誤り）,手前はベニバシガモの雄。奥（右上）に頭が画面外の茶色い大きな鳥が写り、データではガンの枠も付くが、ベニバシガモの雌などのカモかガンかは決めきれない,ok,
c2,FN,image,6,32,a0c526719a3f9b0f,ok,コクチョウ、予測 ガン（モデルの誤り）,,ok,
c2,FN,image,6,33,8c34199588023f39,ok,コクチョウ、予測 ガン（モデルの誤り）,,ok,
c2,FN,image,6,34,e622d2cf834e64dd,ok,コクチョウ、予測 ガン（モデルの誤り）,,ok,
c2,FN,image,6,35,564baccf777e1ec7,ok,コクチョウ、予測 ガン（モデルの誤り）,,ok,
c2,FN,image,6,36,0ea78a8ea4e50ab1,ok,コクチョウ、予測 ガン（モデルの誤り）,,ok,
c2,FN,image,6,37,8f70ee9ebc91fad6,ok,コクチョウ、予測 ガン（モデルの誤り）,コクチョウの頭部。下にもう1羽の背が写る,ok,
c2,FN,image,6,38,8c9b3a301f8b5d42,ok,ガンの影、予測 ハクチョウ（モデルの誤り）,空を飛ぶ4羽のシルエット。首と体の形はガンと見て矛盾しないが、影だけなので決めきれない,ok,
c2,FN,image,8,39,7c5a386015a1cf89,ok,マガモ（ラベル ガン→予測 カモ、予測どおり）,マガモの雄,ok,
c2,FN,image,8,40,ab56f23fa316ad56,ok,マガモ（予測どおり）,マガモの雌,ok,
c2,FN,image,8,41,77bfbbef28ac344c,ok,オシドリ（予測どおり）,オシドリの雄,ok,
c2,FN,image,8,42,cf5d6bc1ade7ff18,ok,バリケン（予測どおり）,首が白く頭が黒褐色のカモの顔。バリケンの若鳥らしいが種は決めきれない。カモであることは合う,ok,
c2,FN,image,8,43,dd00d4ae604259d9,ok,マガモ（予測どおり）,マガモ4羽（右奥に雄、ほか雌）。ガンは写っていない,ok,
c2,FN,image,8,44,77342c4f2ac0f91b,ok,ハクチョウ（ラベル カモ→予測 ハクチョウ、予測どおり）,ハクチョウ4羽。カモは写っていない,ok,
c2,FN,image,8,45,a292025d2530ca80,ok,コクチョウ（予測どおり）,コクチョウ1羽と右に灰色のひな,ok,
c2,FN,image,8,46,e6f42985d808d61b,ok,コクチョウ（予測どおり）,コクチョウ2羽,ok,
c2,FN,image,8,47,c30fbf9fe5fd93df,ok,ハクガン（ラベル ハクチョウ→予測 ガン、予測どおり）,翼の先が黒い白いガン2羽の飛翔。ハクガンと見て矛盾しない,ok,
c2,FN,image,9,48,818e6f19db055919,ok,ツクシガモ類（決めきれない）,杭の上で羽づくろいする、体が黒っぽく翼に白斑のあるツクシガモ属の鳥。ガンとカモの中間の仲間で、決めきれないという扱いと合う,ok,
c2,FN,image,9,49,3eaf885ee61c3999,ok,2種が写る（決めきれない）,多数のカモ（カワアイサ・マガモなど）と右下にハクチョウ1羽。中央にガンの枠もあるが、小さくガンかは決めきれない,ok,
c2,FN,image,9,50,e9b707f0234531df,ok,小さい群れ（決めきれない）,くちばしが赤く脚が桃色で翼に白帯のあるリュウキュウガモ類の群れ十数羽。ガンに似た体形のカモで、決めきれないという扱いと矛盾しない,ok,
c2,FN,image,9,51,64333d483e03c680,ok,白黒のカモ類（決めきれない）,白黒写真に手前のカモと左のぼけたカモ。右奥に白い鳥がぼけて写るが、白いカモかハクチョウかは決めきれない,ok,
c2,FN,slide,4,,,ok,22枚はモデルが正しく、正解ラベルのほうが写真と違う（本編の13枚）,13枚ともラベルの種は写っておらず、主に写るのは予測の種。#3 はコクチョウのほかにカモも写るが、ガンはいない,ok,
c2,FN,slide,5,,,overclaim,10枚はカモメやペリカンなど、6種のどれでもない鳥だ,9枚は合うが、#16 はコサギの後ろにマガモの雄（6種のカモ）が写る,overclaim,スライドの主張: 大半の写真には合うが、上の見落とし・誤りのある写真で崩れる（主張全体が写真と違うわけではない）
c2,FN,slide,6,,,ok,モデルの誤り15枚のうち12枚は、コクチョウだ,#24〜#29・#32〜#37 の12枚はすべてコクチョウ。ただし #24・#25 はラベル（カモ）も誤り,ok,
c2,FN,slide,6,,,unknown,ラベルがハクチョウの写真: コクチョウは23枚中10枚、白は8枚中0枚を誤る,誤った10枚がコクチョウであることは確かめられるが、23枚・8枚の母数の写真はスライドにない,unknown,
c2,FN,slide,8,,,ok,ラベル違いの残り9枚も、写っているのは予測どおりの鳥だ,9枚ともラベルの種は写らず、予測の種（カモ5・ハクチョウ3・ガン1）が写る,ok,
c2,FN,slide,9,,,ok,決めきれなかった4枚は、2種が写るか、種が見分けにくい写真だ,#49 はカモ多数とハクチョウ、#48・#50 はガンに似たカモ類、#51 は白黒で奥に白い鳥がぼける,ok,
c2,LN,image,3,1,8c9b3a301f8b5d42,ok,ガン（青枠＝ラベルどおり。夕空を飛ぶ群れ）,空を飛ぶ4羽のシルエット。首と体の形はガンと見て矛盾しないが、影だけなので決めきれない。空は灰紫で夕方と見て矛盾しない,ok,
c2,LN,image,3,2,cfae99f4ad4dfd04,ok,サギ（橙枠＝ラベルと別の鳥）,飛んでいるアオサギ類1羽,ok,
c2,LN,image,3,3,9856bd4e230ed3d8,wrong,コクチョウ（橙枠、ハクチョウが写る黒い1枚）,中央のコクチョウは合い、ガンは写っていない。しかし右下の手前（大きめ）・左奥の柵ぎわ・コクチョウの首の後ろ・右の水面に茶色のカモ（マガモの雌らしい）が3〜4羽写る（データのガンの枠はこれらのカモに付く）。ハクチョウとカモの2種が写るのにコクチョウだけを挙げている。ほかにハトも写る,wrong,見落とし: コクチョウのほかに、マガモの雄1羽と雌3羽以上（右下手前は大きい）とハトが写る。ハクチョウだけの写真として扱う説明は写真と違う（ガンは写らないので、ラベルの誤りという判断は合う）
c2,LN,image,3,4,90988bc54d845592,ok,コクチョウ（橙枠）,,ok,
c2,LN,image,3,5,6c403fe46bccb17e,ok,ハクチョウ（橙枠）,水面を走るハクチョウ2羽,ok,
c2,LN,image,3,6,a421bd70e3bc83b0,wrong,サギ（橙枠、ハクチョウ以外の鳥）,コサギのすぐ後ろ（左上）にマガモの雄が一緒に飛んでいる（緑黒の頭・黄色いくちばし・橙の脚。体の一部はコサギの翼に隠れる）。サギとカモの2種が写るのにサギだけを挙げている。ガンが写っていない点は合う,wrong,見落とし: 元の写真で、コサギの翼の後ろに雄のマガモ（6種のカモ。黄色いくちばし・橙の脚・白い尾）が飛ぶ。コサギだけ・6種以外の鳥とする説明は写真と違う
c2,LN,image,3,7,79220d3b1f196fcd,ok,ペリカン（橙枠）,ペリカン2羽,ok,
c2,LN,image,3,8,65e297831c751675,ok,コクチョウ（橙枠）,白黒写真だが、黒い体と縮れた翼の羽でコクチョウと見て矛盾しない,ok,
c2,LN,image,3,9,fbe34f827ba64b67,ok,ハクチョウ（橙枠）,テレビ画面にハクチョウの成鳥2羽と奥に灰色の若鳥1羽,ok,
c2,LN,image,3,10,63321f1973f5cce9,ok,ハクチョウ（橙枠）,ハクチョウ2羽,ok,
c2,LN,image,3,11,cbe005c8b3e5730e,ok,ハクチョウ（橙枠）,ハクチョウ3羽（2羽は褐色の混じる若鳥）,ok,
c2,LN,image,4,12,a5536024ebd69580,ok,コクチョウ（橙枠＝ラベル カモと別の鳥）,コクチョウ1羽,ok,
c2,LN,image,4,13,aca6645d590aa23f,ok,ガン（橙枠）,ハイイロガン3羽,ok,
c2,LN,image,4,14,33ae590a0d97b084,ok,ガン（橙枠）,カナダガン2羽（左は羽ばたき中）,ok,
c2,LN,image,4,15,54b37811bb5e40ad,ok,ガン（橙枠）,カナダガン2羽,ok,
c2,LN,image,4,16,e8fbe13cc8504f51,ok,ガン（橙枠）,カナダガン2羽,ok,
c2,LN,image,4,17,e9b707f0234531df,ok,カモ（橙枠＝ラベル ガンと別の鳥）,くちばしが赤く脚が桃色で翼に白帯のあるリュウキュウガモ類の群れ十数羽（カモ科）。ガンは写っていない,ok,
c2,LN,image,4,18,cb6d8783a3617620,ok,バン（橙枠）,バン2羽,ok,
c2,LN,image,4,19,7c5a386015a1cf89,ok,カモ（橙枠）,マガモの雄,ok,
c2,LN,image,4,20,c0e238dad14e2833,ok,チドリ類（橙枠）,黄色い肉垂のあるトサカゲリ類5羽（チドリ科）,ok,
c2,LN,image,4,21,ab56f23fa316ad56,ok,カモ（橙枠）,マガモの雌,ok,
c2,LN,image,5,22,768b6f700c9b6f72,ok,黒いハクチョウ（青枠＝ラベル ハクチョウ、予測 カモ）,,ok,
c2,LN,image,5,23,eb1b1ae30dfe0859,ok,黒いハクチョウ（青枠＝ラベル ハクチョウ、予測 ガン）,コクチョウ2羽。奥の水面と左端にカモがごく小さく写る（データにカモの枠）が、遠くて種は決めきれず、ガンは写っていない,ok,
c2,LN,image,5,24,62439d385f495f5f,ok,黒いハクチョウ（青枠＝ラベル ハクチョウ、予測 ガン）,,ok,
c2,LN,image,5,25,1cfc18d13e57ce38,ok,黒いハクチョウ（青枠＝ラベル ハクチョウ、予測 ガン）,,ok,
c2,LN,image,5,26,564baccf777e1ec7,ok,黒いハクチョウ（青枠＝ラベル ハクチョウ、予測 ガン）,コクチョウの頭部,ok,
c2,LN,image,5,27,a0c526719a3f9b0f,ok,黒いハクチョウ（青枠＝ラベル ハクチョウ、予測 ガン）,,ok,
c2,LN,image,5,28,0ea78a8ea4e50ab1,ok,黒いハクチョウ（青枠＝ラベル ハクチョウ、予測 ガン）,,ok,
c2,LN,image,5,29,8c34199588023f39,ok,黒いハクチョウ（青枠＝ラベル ハクチョウ、予測 ガン）,,ok,
c2,LN,image,5,30,8f70ee9ebc91fad6,ok,黒いハクチョウ（青枠＝ラベル ハクチョウ、予測 ガン）,コクチョウの頭部。下にもう1羽の背,ok,
c2,LN,image,5,31,e622d2cf834e64dd,ok,黒いハクチョウ（青枠＝ラベル ハクチョウ、予測 ガン）,,ok,
c2,LN,image,5,32,895dbfa06f80d04b,ok,黒いハクチョウ（橙枠＝ラベル ガンかカモ、予測 ガン）,芝生のコクチョウ1羽,ok,
c2,LN,image,5,33,a5536024ebd69580,ok,黒いハクチョウ（橙枠＝ラベル ガンかカモ、予測 ガン）,コクチョウ1羽,ok,
c2,LN,image,8,34,a5536024ebd69580,ok,コクチョウ（橙枠）,,ok,
c2,LN,image,8,35,64e48b07e9a2add5,ok,ガン（橙枠）,カナダガン1羽,ok,
c2,LN,image,8,36,ea3604d122a4e6b8,ok,カモ（青枠＝ラベルどおり）,アメリカヒドリの雄,ok,
c2,LN,image,8,37,54b37811bb5e40ad,ok,ガン（橙枠）,カナダガン2羽。カモは写っていない,ok,
c2,LN,image,8,38,d21534a1cca6ec2d,ok,カモ（青枠＝ラベルどおり）,手前はベニバシガモの雄。奥（右上）に頭が画面外の茶色い大きな鳥が写り、データではガンの枠も付くが、ベニバシガモの雌などのカモかガンかは決めきれない,ok,
c2,LN,image,8,39,aca6645d590aa23f,ok,ガン（橙枠）,ハイイロガン3羽,ok,
c2,LN,image,8,40,895dbfa06f80d04b,ok,コクチョウ（橙枠）,,ok,
c2,LN,image,8,41,33ae590a0d97b084,ok,ガン（橙枠）,カナダガン2羽,ok,
c2,LN,image,8,42,679a5e597d44671f,ok,ガン（橙枠）,カナダガン1羽,ok,
c2,LN,image,8,43,e8fbe13cc8504f51,ok,ガン（橙枠）,カナダガン2羽,ok,
c2,LN,image,9,44,818e6f19db055919,ok,判別できず（橙枠＝ガンではない）,体が黒っぽく翼に白斑のあるツクシガモ属の鳥。名前の上ではカモで、判別できずは慎重だが写真と矛盾しない,ok,
c2,LN,image,9,45,cf5d6bc1ade7ff18,ok,判別できず（橙枠＝ガンではない）,首が白く頭が黒褐色の鳥の顔。平たいくちばしでカモ類（バリケンの若鳥らしい）と見てよく、判別できずは慎重だが矛盾しない,ok,
c2,LN,image,9,46,c0e238dad14e2833,ok,チドリ類（橙枠）,トサカゲリ類5羽,ok,
c2,LN,image,9,47,bfdb4c1235db8a5f,ok,オオバン（橙枠）,,ok,
c2,LN,image,9,48,e9b707f0234531df,ok,カモ（橙枠）,リュウキュウガモ類の群れ（カモ科）,ok,
c2,LN,image,9,49,cb6d8783a3617620,ok,バン（橙枠）,バン2羽,ok,
c2,LN,image,9,50,dd00d4ae604259d9,ok,カモ（橙枠）,マガモ4羽,ok,
c2,LN,image,9,51,77bfbbef28ac344c,ok,カモ（橙枠）,オシドリの雄,ok,
c2,LN,image,9,52,7c5a386015a1cf89,ok,カモ（橙枠）,マガモの雄,ok,
c2,LN,image,9,53,ab56f23fa316ad56,ok,カモ（橙枠）,マガモの雌,ok,
c2,LN,image,10,54,8c34199588023f39,ok,コクチョウ（青枠＝ラベルどおり）,,ok,
c2,LN,image,10,55,62439d385f495f5f,ok,コクチョウ（青枠）,,ok,
c2,LN,image,10,56,1cfc18d13e57ce38,ok,コクチョウ（青枠）,,ok,
c2,LN,image,10,57,c30fbf9fe5fd93df,ok,ガン（橙枠＝ラベルが違う）,翼の先が黒い白いガン（ハクガン類）2羽の飛翔,ok,
c2,LN,image,10,58,564baccf777e1ec7,ok,コクチョウ（青枠）,コクチョウの頭部,ok,
c2,LN,image,10,59,eb1b1ae30dfe0859,ok,コクチョウ（青枠）,コクチョウ2羽。奥の水面と左端にカモがごく小さく写る（データにカモの枠）が、遠くて種は決めきれない,ok,
c2,LN,image,10,60,a0c526719a3f9b0f,ok,コクチョウ（青枠）,,ok,
c2,LN,image,10,61,0ea78a8ea4e50ab1,ok,コクチョウ（青枠）,,ok,
c2,LN,image,10,62,e622d2cf834e64dd,ok,コクチョウ（青枠）,,ok,
c2,LN,image,10,63,8f70ee9ebc91fad6,ok,コクチョウ（青枠）,コクチョウの頭部。下にもう1羽の背,ok,
c2,LN,image,11,64,a292025d2530ca80,ok,コクチョウ（橙枠＝ラベル カモと別の鳥）,コクチョウ1羽と右に灰色のひな,ok,
c2,LN,image,11,65,75798b9525b6d72c,ok,カツオドリ（橙枠）,頭が黄色いシロカツオドリ類の営巣地。カツオドリ科の名としては合う,ok,
c2,LN,image,11,66,e6f42985d808d61b,ok,コクチョウ（橙枠）,コクチョウ2羽,ok,
c2,LN,image,11,67,77342c4f2ac0f91b,ok,ハクチョウ（橙枠）,ハクチョウ4羽。カモは写っていない,ok,
c2,LN,image,11,68,768b6f700c9b6f72,ok,コクチョウ（青枠＝ラベル ハクチョウどおり）,,ok,
c2,LN,image,11,69,498ae254e1ce2c98,ok,オオバン（橙枠）,,ok,
c2,LN,image,11,70,64333d483e03c680,ok,判別できず（橙枠＝ハクチョウではない）,白黒写真に手前のカモと左のぼけたカモ（くちばしの形でカモ類とわかる）。右奥に白い鳥がぼけて写るが、白いカモかハクチョウかは決めきれない,ok,
c2,LN,image,11,71,3eaf885ee61c3999,ok,カモの群れ（青枠＝ラベルどおり）,多数のカモ（数種）と右下にハクチョウ1羽。青枠でラベルのハクチョウがいることも示しており、写真と合う,ok,
c2,LN,slide,3,,,ok,ガン→ハクチョウの13枚で、ガンが写っているのは1枚だけだ,#1 以外にガンは写らない（#3 の茶色い鳥はカモ）。#1 は影だけでガンと決めきれないが矛盾しない,ok,
c2,LN,slide,3,,,ok,ガンが写る1枚（夕空を飛ぶ群れ）,#1 は灰紫の空を飛ぶ4羽。影だけで種は決めきれない,ok,
c2,LN,slide,3,,,ok,ハクチョウが写る7枚（白い4枚、黒い3枚）,白 #5・#9・#10・#11、黒 #3・#4・#8,ok,
c2,LN,slide,3,,,overclaim,ハクチョウ以外の鳥5枚（ハト、カモメ、サギ2枚、ペリカン）,5枚ともハクチョウは写らないが、#6 はサギの後ろにマガモ（カモ）も写り、内訳に出ていない,overclaim,スライドの主張: 大半の写真には合うが、上の見落とし・誤りのある写真で崩れる（主張全体が写真と違うわけではない）
c2,LN,slide,4,,,ok,カモとガンの取り違え20枚のうち、ラベルどおりの鳥は2枚だけだ,表示の10枚はすべてラベルと別の鳥。付録（スライド8・9）の20枚でも、ラベルどおりは #36・#38 の2枚だけ,ok,
c2,LN,slide,4,,,ok,カモ→ガン10枚: ガン6枚、黒いハクチョウ2枚、カモ2枚だけ,表示の5枚はガン4・コクチョウ1。付録で10枚とも合う,ok,
c2,LN,slide,4,,,ok,ガン→カモ10枚: ガンと確認できる画像は0枚（カモ5枚、バン等3枚、判別できず2枚）,表示の5枚にガンはいない。付録で10枚とも合う,ok,
c2,LN,slide,5,,,unknown,黒いハクチョウ35枚のうち、ハクチョウと判定されたのは19枚だけだ,表示の16枚はすべてコクチョウが写る（番号なしの下段7枚目は後ろにカナダガンも写る）。35枚・19枚の母数は表示外,unknown,
c2,LN,slide,5,,,unknown,ラベルがハクチョウの黒い24枚のうち、10枚をガンかカモと誤る,青枠10枚はすべてコクチョウ。24枚の母数は表示外,unknown,
c2,LN,slide,5,,,overclaim,ラベルがガンの黒い7枚のうち4枚は、ガンと判定されて「正解」に数えられている,橙枠の番号なし4枚のうち下段7枚目は、コクチョウの後ろ左にカナダガン（黒い首に白い頬）が写り、ガンの判定は写真と合う。括弧付きの「正解」で見かけだけの正解のように書くのは、この1枚では言い過ぎ,overclaim,スライドの主張: 大半の写真には合うが、上の見落とし・誤りのある写真で崩れる（主張全体が写真と違うわけではない）
c2,LN,slide,8,,,ok,カモ→ガンの10枚は、ガン6枚・黒いハクチョウ2枚・カモ2枚だ,ガン #35・#37・#39・#41・#42・#43、コクチョウ #34・#40、カモ #36・#38,ok,
c2,LN,slide,8,,,ok,ラベルどおりのカモが写るのは、青枠の2枚だけ,橙枠8枚にカモは写らない,ok,
c2,LN,slide,9,,,ok,ガン→カモの10枚に、ガンと確認できる画像は1枚もない,#44 はツクシガモ属、#48 はリュウキュウガモ類で、ガンに似るがカモ類,ok,
c2,LN,slide,9,,,ok,カモ5枚、バン・オオバン・チドリ類3枚、判別できない2枚,判別できないとした #44・#45 は、それぞれツクシガモ属・カモ類と見てよく、慎重な分け方だが矛盾はしない,ok,
c2,LN,slide,10,,,ok,ハクチョウ→ガンの10枚は、9枚が黒いハクチョウだ,,ok,
c2,LN,slide,10,,,ok,ガンが写る画像が1枚（ラベルが違う）,#57 は白いガン2羽,ok,
c2,LN,slide,11,,,ok,8枚に、黒いハクチョウが3枚ある,#64・#66・#68,ok,
c3,LN,image,3,1,8c9b3a301f8b5d42,ok,ガン（青枠＝ラベルどおり）、夕空を飛ぶ群れ,灰紫の空を飛ぶガン（カナダガンらしい）4羽のシルエット,ok,
c3,LN,image,3,2,cfae99f4ad4dfd04,ok,サギ（ラベルと別の鳥）,大型のアオサギ類が水面の上を飛ぶ。首が褐色がかりオオアオサギの可能性もあり、種は決めきれない,ok,
c3,LN,image,3,3,9856bd4e230ed3d8,ok,コクチョウ（ハクチョウが写る黒い3枚の1枚）,コクチョウのほか、左奥・首の後ろ・右下にカモ（雌のマガモ類）とハトも写る。ガンは見当たらない,ok,
c3,LN,image,3,4,90988bc54d845592,ok,コクチョウ,,ok,
c3,LN,image,3,5,6c403fe46bccb17e,ok,ハクチョウ（白）,白いハクチョウ2羽,ok,
c3,LN,image,3,6,a421bd70e3bc83b0,ok,サギ,コサギ。左奥にマガモの雄も飛んでいる（触れていないが、ガンではない）,ok,
c3,LN,image,3,7,79220d3b1f196fcd,ok,ペリカン,ペリカン2羽。右端に一部だけ写る白っぽい物は見分けられない,ok,
c3,LN,image,3,8,65e297831c751675,ok,コクチョウ,白黒写真のコクチョウ,ok,
c3,LN,image,3,9,fbe34f827ba64b67,ok,ハクチョウ（白）,テレビ画面の白いハクチョウ3羽,ok,
c3,LN,image,3,10,63321f1973f5cce9,ok,ハクチョウ（白）,コブハクチョウ2羽,ok,
c3,LN,image,3,11,cbe005c8b3e5730e,ok,ハクチョウ（白）,コブハクチョウの成鳥1羽と幼鳥2羽,ok,
c3,LN,image,4,12,a5536024ebd69580,ok,コクチョウ（カモ→ガン、ラベルと別の鳥）,灰色がかったコクチョウ1羽,ok,
c3,LN,image,4,13,aca6645d590aa23f,ok,ガン,ハイイロガン（家禽）3羽,ok,
c3,LN,image,4,14,33ae590a0d97b084,ok,ガン,カナダガン2羽（1羽は羽を広げる）,ok,
c3,LN,image,4,15,54b37811bb5e40ad,ok,ガン,カナダガン2〜3羽,ok,
c3,LN,image,4,16,e8fbe13cc8504f51,ok,ガン,カナダガン2羽,ok,
c3,LN,image,4,17,e9b707f0234531df,ok,カモ（ガン→カモ、ラベルと別の鳥）,アカハシリュウキュウガモの群れ,ok,
c3,LN,image,4,18,cb6d8783a3617620,ok,バン,バン2羽,ok,
c3,LN,image,4,19,7c5a386015a1cf89,ok,カモ,マガモの雄,ok,
c3,LN,image,4,20,c0e238dad14e2833,ok,チドリ類,ズグロトサカゲリ（チドリ科）5羽,ok,
c3,LN,image,4,21,ab56f23fa316ad56,ok,カモ,マガモの雌,ok,
c3,LN,image,5,22,768b6f700c9b6f72,ok,黒いハクチョウ（ラベル ハクチョウ、予測カモ）,,ok,
c3,LN,image,5,23,eb1b1ae30dfe0859,ok,黒いハクチョウ（予測ガン）,コクチョウ2羽。左端に一部だけ写る鳥らしい物と、奥にデータでカモの枠が付いたごく小さな物があるが、見分けられず決めきれない,ok,
c3,LN,image,5,24,62439d385f495f5f,ok,黒いハクチョウ（予測ガン）,,ok,
c3,LN,image,5,25,1cfc18d13e57ce38,ok,黒いハクチョウ（予測ガン）,,ok,
c3,LN,image,5,26,564baccf777e1ec7,ok,黒いハクチョウ（予測ガン）,頭のアップ,ok,
c3,LN,image,5,27,a0c526719a3f9b0f,ok,黒いハクチョウ（予測ガン）,,ok,
c3,LN,image,5,28,0ea78a8ea4e50ab1,ok,黒いハクチョウ（予測ガン）,,ok,
c3,LN,image,5,29,8c34199588023f39,ok,黒いハクチョウ（予測ガン）,,ok,
c3,LN,image,5,30,8f70ee9ebc91fad6,ok,黒いハクチョウ（予測ガン）,頭のアップ。下にもう1羽の背が写る,ok,
c3,LN,image,5,31,e622d2cf834e64dd,ok,黒いハクチョウ（予測ガン）,,ok,
c3,LN,image,5,32,895dbfa06f80d04b,ok,黒いハクチョウ（ラベル カモ、予測ガン）,芝生のコクチョウ1羽。カモはいない,ok,
c3,LN,image,5,33,a5536024ebd69580,ok,黒いハクチョウ（ラベル カモ、予測ガン）,#12と同じ写真,ok,
c3,LN,image,8,34,a5536024ebd69580,ok,コクチョウ（カモ→ガン）,#12と同じ写真,ok,
c3,LN,image,8,35,64e48b07e9a2add5,ok,ガン,カナダガン1羽,ok,
c3,LN,image,8,36,ea3604d122a4e6b8,ok,カモ（青枠＝ラベルどおり）,アメリカヒドリの雄,ok,
c3,LN,image,8,37,54b37811bb5e40ad,ok,ガン,カナダガン,ok,
c3,LN,image,8,38,d21534a1cca6ec2d,ok,カモ（青枠＝ラベルどおり）,手前はベニバシガモの雄。奥の茶色い鳥（データではガンの枠もある）は雌のカモに見えるが決めきれない,ok,
c3,LN,image,8,39,aca6645d590aa23f,ok,ガン,ハイイロガン3羽,ok,
c3,LN,image,8,40,895dbfa06f80d04b,ok,コクチョウ,#32と同じ写真,ok,
c3,LN,image,8,41,33ae590a0d97b084,ok,ガン,カナダガン2羽,ok,
c3,LN,image,8,42,679a5e597d44671f,ok,ガン,カナダガン1羽,ok,
c3,LN,image,8,43,e8fbe13cc8504f51,ok,ガン,カナダガン2羽,ok,
c3,LN,image,9,44,818e6f19db055919,ok,判別できず（ラベルのガンとは別の鳥）,杭の上で羽づくろいする鳥。パラダイスツクシガモの雄に見え、カモ類。ガンではない（判別できずは控えめな記述）,ok,
c3,LN,image,9,45,cf5d6bc1ade7ff18,ok,判別できず（ラベルのガンとは別の鳥）,若い鳥の頭のアップ。くちばしはカモ類の形（バリケンの若鳥か）。種は決めきれない,ok,
c3,LN,image,9,46,c0e238dad14e2833,ok,チドリ類,ズグロトサカゲリ（#20と同じ写真）,ok,
c3,LN,image,9,47,bfdb4c1235db8a5f,ok,オオバン,,ok,
c3,LN,image,9,48,e9b707f0234531df,ok,カモ,アカハシリュウキュウガモ（#17と同じ写真）,ok,
c3,LN,image,9,49,cb6d8783a3617620,ok,バン,バン2羽,ok,
c3,LN,image,9,50,dd00d4ae604259d9,ok,カモ,マガモ4羽（雌3、雄1）,ok,
c3,LN,image,9,51,77bfbbef28ac344c,ok,カモ,オシドリの雄,ok,
c3,LN,image,9,52,7c5a386015a1cf89,ok,カモ,マガモの雄,ok,
c3,LN,image,9,53,ab56f23fa316ad56,ok,カモ,マガモの雌,ok,
c3,LN,image,10,54,8c34199588023f39,ok,コクチョウ（青枠＝ラベルどおり）,,ok,
c3,LN,image,10,55,62439d385f495f5f,ok,コクチョウ,,ok,
c3,LN,image,10,56,1cfc18d13e57ce38,ok,コクチョウ,,ok,
c3,LN,image,10,57,c30fbf9fe5fd93df,ok,ガン（ラベルのハクチョウとは別の鳥）,白く翼の先が黒いガン（ハクガン類）2羽が飛ぶ,ok,
c3,LN,image,10,58,564baccf777e1ec7,ok,コクチョウ,,ok,
c3,LN,image,10,59,eb1b1ae30dfe0859,ok,コクチョウ,コクチョウ2羽（#23と同じ写真）。左端と奥の小さな物は見分けられず決めきれない,ok,
c3,LN,image,10,60,a0c526719a3f9b0f,ok,コクチョウ,,ok,
c3,LN,image,10,61,0ea78a8ea4e50ab1,ok,コクチョウ,,ok,
c3,LN,image,10,62,e622d2cf834e64dd,ok,コクチョウ,,ok,
c3,LN,image,10,63,8f70ee9ebc91fad6,ok,コクチョウ,,ok,
c3,LN,image,11,64,a292025d2530ca80,ok,コクチョウ（ラベルのカモとは別の鳥）,コクチョウ1羽。右端の灰色のひなもコクチョウのひなに見える,ok,
c3,LN,image,11,65,75798b9525b6d72c,ok,カツオドリ,シロカツオドリ類の営巣地。カツオドリ科の総称として合う（種のカツオドリ＝褐色の別種ではない）,ok,
c3,LN,image,11,66,e6f42985d808d61b,ok,コクチョウ,コクチョウ2羽,ok,
c3,LN,image,11,67,77342c4f2ac0f91b,ok,ハクチョウ（ラベルのカモとは別の鳥）,コブハクチョウ4羽。カモは見当たらない,ok,
c3,LN,image,11,68,768b6f700c9b6f72,ok,コクチョウ（青枠＝ラベルどおり）,,ok,
c3,LN,image,11,69,498ae254e1ce2c98,ok,オオバン,,ok,
c3,LN,image,11,70,64333d483e03c680,ok,判別できず（ラベルのハクチョウとは別の鳥）,白黒写真。手前と左のぼけた鳥はカモ（マガモ類）に見える。右奥の白い鳥はぼけていて、ハクチョウかどうか決めきれない,ok,
c3,LN,image,11,71,3eaf885ee61c3999,ok,カモの群れ（青枠＝ラベルのハクチョウも写る）,カワアイサなどのカモの群れと、右下にコブハクチョウ1羽,ok,
c3,LN,slide,3,,,ok,ガン→ハクチョウの13枚で、ガンが写るのは1枚だけ,番号付きの11枚でガンは#1だけ。番号なしのカモメ・ハトの2枚にもガンは見えない,ok,
c3,LN,slide,3,,,ok,ガンが写る1枚（夕空を飛ぶ群れ）,#1,ok,
c3,LN,slide,3,,,ok,ハクチョウが写る7枚（白い4枚、黒い3枚）,"白: #5,#9,#10,#11、黒: #3,#4,#8",ok,
c3,LN,slide,3,,,ok,ハクチョウ以外の鳥5枚（ハト、カモメ、サギ2枚、ペリカン）,#2・#6がサギ、#7がペリカン。#6には触れていないマガモの雄も写る,ok,
c3,LN,slide,4,,,ok,カモとガンの取り違え20枚のうち、ラベルどおりの鳥は2枚だけ,スライド8・9の全20枚で確認。ラベルどおりは#36・#38のカモだけ,ok,
c3,LN,slide,4,,,ok,カモ→ガン10枚: ガン6枚、黒いハクチョウ2枚、カモは2枚だけ,スライド8の10枚と合う,ok,
c3,LN,slide,4,,,ok,ガン→カモ10枚: ガンと確認できる画像は0枚（カモ5、バン等3、判別できず2）,スライド9の10枚と合う。判別できずの#44・#45もカモ類に見え、ガンではない,ok,
c3,LN,slide,5,,,ok,表示した16枚（ハクチョウ以外に判定）はすべて黒いハクチョウ,番号付き12枚、番号なし4枚ともコクチョウが写る,ok,
c3,LN,slide,5,,,unknown,黒いハクチョウは全35枚,表示のない19枚は写真で確かめられない,unknown,
c3,LN,slide,5,,,overclaim,ラベルがガンの黒い7枚のうち4枚は、ガンと判定されて「正解」に数えられている,ガンのラベルが誤りのように書くが、番号なしの橙枠4枚のうち下段5枚目は、黒いハクチョウの左後ろにカナダガン（黒い首に白いほお）が写り、ガンの判定は本当に正しい（図のサムネイルで確認）,overclaim,スライドの主張: 大半の写真には合うが、上の見落とし・誤りのある写真で崩れる（主張全体が写真と違うわけではない）
c3,LN,slide,8,,,ok,カモ→ガンの10枚は、ガン6枚・黒いハクチョウ2枚・カモ2枚,"ガン: #35,#37,#39,#41,#42,#43、コクチョウ: #34,#40、カモ: #36,#38",ok,
c3,LN,slide,8,,,ok,ラベルどおりのカモが写るのは、青枠の2枚だけ,ほかの8枚にカモは見当たらない（#38の奥の鳥も雌のカモに見える）,ok,
c3,LN,slide,9,,,ok,ガン→カモの10枚に、ガンと確認できる画像は1枚もない,,ok,
c3,LN,slide,9,,,ok,カモ5枚、バン・オオバン・チドリ類3枚、判別できない2枚,判別できずの#44はパラダイスツクシガモの雄に見え、カモに数えることもできる（控えめな記述で矛盾はない）,ok,
c3,LN,slide,10,,,ok,ハクチョウ→ガンの10枚は、9枚が黒いハクチョウ,,ok,
c3,LN,slide,10,,,ok,ガンが写る画像が1枚（ラベルが違う）,#57はハクガン類2羽,ok,
c3,LN,slide,11,,,ok,カモ→ハクチョウとハクチョウ→カモの8枚に、黒いハクチョウが3枚,"#64,#66,#68",ok,
c3,GY,image,2,1,a421bd70e3bc83b0,none,見出しは「ガン→ハクチョウ 13枚」（正解→予測と枚数）だけで、中身の説明なし,写真はコサギとマガモの雄,none,
c3,GY,image,2,2,6c403fe46bccb17e,none,見出しは「ガン→ハクチョウ 13枚」（正解→予測と枚数）だけで、中身の説明なし,写真は白いハクチョウ2羽,none,
c3,GY,image,2,3,ea3604d122a4e6b8,none,見出しは「カモ→ガン 10枚」（正解→予測と枚数）だけで、中身の説明なし,写真はアメリカヒドリの雄,none,
c3,GY,image,2,4,a5536024ebd69580,none,見出しは「カモ→ガン 10枚」（正解→予測と枚数）だけで、中身の説明なし,写真はコクチョウ,none,
c3,GY,image,2,5,7c5a386015a1cf89,none,見出しは「ガン→カモ 10枚」（正解→予測と枚数）だけで、中身の説明なし,写真はマガモの雄,none,
c3,GY,image,2,6,cf5d6bc1ade7ff18,none,見出しは「ガン→カモ 10枚」（正解→予測と枚数）だけで、中身の説明なし,写真はカモ類の若鳥の頭,none,
c3,GY,image,2,7,62439d385f495f5f,none,見出しは「ハクチョウ→ガン 10枚」（正解→予測と枚数）だけで、中身の説明なし,写真はコクチョウ,none,
c3,GY,image,2,8,8c34199588023f39,none,見出しは「ハクチョウ→ガン 10枚」（正解→予測と枚数）だけで、中身の説明なし,写真はコクチョウ,none,
c3,GY,image,2,9,77342c4f2ac0f91b,none,見出しは「カモ→ハクチョウ 4枚」（正解→予測と枚数）だけで、中身の説明なし,写真はコブハクチョウ4羽,none,
c3,GY,image,2,10,e6f42985d808d61b,none,見出しは「カモ→ハクチョウ 4枚」（正解→予測と枚数）だけで、中身の説明なし,写真はコクチョウ2羽,none,
c3,GY,image,2,11,768b6f700c9b6f72,none,見出しは「ハクチョウ→カモ 4枚」（正解→予測と枚数）だけで、中身の説明なし,写真はコクチョウ,none,
c3,GY,image,2,12,498ae254e1ce2c98,none,見出しは「ハクチョウ→カモ 4枚」（正解→予測と枚数）だけで、中身の説明なし,写真はオオバン,none,
c3,GY,image,3,13,8c9b3a301f8b5d42,ok,飛ぶガン（群「ガン 1枚」）、夕空を飛ぶ4羽のシルエット,灰紫の空を飛ぶガン（カナダガンらしい）4羽,ok,
c3,GY,image,3,14,9856bd4e230ed3d8,ok,コクチョウ（群「ガン以外」）,コクチョウのほか、左奥・首の後ろ・右下にカモ（雌のマガモ類）とハトも写る。ガンは見当たらない,ok,
c3,GY,image,3,15,90988bc54d845592,ok,コクチョウ,,ok,
c3,GY,image,3,16,65e297831c751675,ok,コクチョウ,白黒写真,ok,
c3,GY,image,3,17,cbe005c8b3e5730e,ok,白鳥,コブハクチョウの成鳥1羽と幼鳥2羽,ok,
c3,GY,image,3,18,fbe34f827ba64b67,ok,白鳥,テレビ画面の白いハクチョウ3羽,ok,
c3,GY,image,3,19,63321f1973f5cce9,ok,白鳥,コブハクチョウ2羽,ok,
c3,GY,image,3,20,2c7cee4d9b67df03,ok,ハト,ハトの群れが飛ぶ,ok,
c3,GY,image,3,21,6c403fe46bccb17e,ok,白鳥,白いハクチョウ2羽,ok,
c3,GY,image,3,22,cfae99f4ad4dfd04,ok,アオサギ,大型のアオサギ類。首が褐色がかりオオアオサギの可能性もあり、種は決めきれない,ok,
c3,GY,image,3,23,a421bd70e3bc83b0,ok,コサギ,コサギ。左奥にマガモの雄も飛んでいる（触れていないが、ガンではない）,ok,
c3,GY,image,3,24,79220d3b1f196fcd,ok,ペリカン,ペリカン2羽。右端に一部だけ写る白っぽい物は見分けられない,ok,
c3,GY,image,4,25,6c403fe46bccb17e,ok,白鳥（白鳥の写真、ラベル: カモ・ガン）,白いハクチョウ2羽,ok,
c3,GY,image,4,26,895dbfa06f80d04b,ok,コクチョウ（白鳥の写真）,芝生のコクチョウ1羽,ok,
c3,GY,image,4,27,fbe34f827ba64b67,ok,白鳥（白鳥の写真）,テレビ画面の白いハクチョウ3羽,ok,
c3,GY,image,4,28,54b37811bb5e40ad,ok,カナダガン（ガンの写真、ラベル: カモ・白鳥）,カナダガン2〜3羽,ok,
c3,GY,image,4,29,e8fbe13cc8504f51,ok,カナダガン（ガンの写真）,カナダガン2羽,ok,
c3,GY,image,4,30,aca6645d590aa23f,ok,ガン（ガンの写真）,ハイイロガン（家禽）3羽,ok,
c3,GY,image,4,31,7c5a386015a1cf89,ok,マガモ（カモの写真、ラベル: ガン）,マガモの雄,ok,
c3,GY,image,4,32,77bfbbef28ac344c,ok,オシドリ（カモの写真）,オシドリの雄,ok,
c3,GY,image,4,33,dd00d4ae604259d9,ok,マガモ（カモの写真）,マガモ4羽（雌3、雄1）,ok,
c3,GY,image,4,34,cb6d8783a3617620,ok,バン（他の鳥の写真）,バン2羽,ok,
c3,GY,image,4,35,bfdb4c1235db8a5f,ok,オオバン（他の鳥の写真）,,ok,
c3,GY,image,5,36,62439d385f495f5f,ok,コクチョウ（白鳥→ガン）、水面,,ok,
c3,GY,image,5,37,1cfc18d13e57ce38,ok,コクチョウ（白鳥→ガン）、草地,,ok,
c3,GY,image,5,38,564baccf777e1ec7,ok,コクチョウ（白鳥→ガン）、首とくちばし,頭と首のアップ,ok,
c3,GY,image,5,39,eb1b1ae30dfe0859,ok,コクチョウ（白鳥→ガン）、池の2羽,コクチョウ2羽。左端に一部だけ写る鳥らしい物と、奥にデータでカモの枠が付いたごく小さな物があるが、見分けられず決めきれない,ok,
c3,GY,image,5,40,768b6f700c9b6f72,ok,コクチョウ（白鳥→カモ）、赤いくちばし,羽づくろい中で赤いくちばしが見える,ok,
c3,GY,image,5,41,a0c526719a3f9b0f,ok,コクチョウ（白鳥→ガン）、羽づくろい,,ok,
c3,GY,image,5,42,0ea78a8ea4e50ab1,ok,コクチョウ（白鳥→ガン）、水辺,アシの手前の水面,ok,
c3,GY,image,5,43,8c34199588023f39,ok,コクチョウ（白鳥→ガン）、草地,池のほとりの草地に立つ,ok,
c3,GY,image,5,44,8f70ee9ebc91fad6,ok,コクチョウ（白鳥→ガン）、首とくちばし,下にもう1羽の背が写る,ok,
c3,GY,image,5,45,e622d2cf834e64dd,ok,コクチョウ（白鳥→ガン）、縦位置,,ok,
c3,GY,image,9,46,77342c4f2ac0f91b,ok,白鳥（ラベル: カモ）,コブハクチョウ4羽。カモは見当たらない,ok,
c3,GY,image,9,47,a292025d2530ca80,ok,コクチョウ（ラベル: カモ）,コクチョウ1羽と、右端に灰色のひな（コクチョウのひなに見える）,ok,
c3,GY,image,9,48,895dbfa06f80d04b,ok,コクチョウ（ラベル: カモ）,芝生のコクチョウ1羽,ok,
c3,GY,image,9,49,a5536024ebd69580,ok,コクチョウ（ラベル: カモ）,灰色がかったコクチョウ1羽,ok,
c3,GY,image,9,50,e6f42985d808d61b,ok,コクチョウ（ラベル: カモ）,コクチョウ2羽,ok,
c3,GY,image,9,51,cbe005c8b3e5730e,ok,白鳥（ラベル: ガン）,コブハクチョウの成鳥1羽と幼鳥2羽,ok,
c3,GY,image,9,52,9856bd4e230ed3d8,ok,コクチョウ（ラベル: ガン）,コクチョウのほか、カモ（雌のマガモ類）とハトも写る。ガンはいない,ok,
c3,GY,image,9,53,90988bc54d845592,ok,コクチョウ（ラベル: ガン）,,ok,
c3,GY,image,9,54,63321f1973f5cce9,ok,白鳥（ラベル: ガン）,コブハクチョウ2羽,ok,
c3,GY,image,9,55,65e297831c751675,ok,コクチョウ（ラベル: ガン）,白黒写真,ok,
c3,GY,image,9,56,fbe34f827ba64b67,ok,白鳥（ラベル: ガン）,テレビ画面の白いハクチョウ3羽,ok,
c3,GY,image,9,57,6c403fe46bccb17e,ok,白鳥（ラベル: ガン）,白いハクチョウ2羽,ok,
c3,GY,image,10,58,64e48b07e9a2add5,ok,カナダガン（実際はガン、ラベル: カモ）,カナダガン1羽,ok,
c3,GY,image,10,59,679a5e597d44671f,ok,カナダガン（ラベル: カモ）,カナダガン1羽,ok,
c3,GY,image,10,60,e8fbe13cc8504f51,ok,カナダガン（ラベル: カモ）,カナダガン2羽,ok,
c3,GY,image,10,61,7c5a386015a1cf89,ok,マガモ（実際はカモ、ラベル: ガン）,マガモの雄,ok,
c3,GY,image,10,62,54b37811bb5e40ad,ok,カナダガン（ラベル: カモ）,カナダガン2〜3羽,ok,
c3,GY,image,10,63,ab56f23fa316ad56,ok,カモ（ラベル: ガン）,マガモの雌,ok,
c3,GY,image,10,64,33ae590a0d97b084,ok,カナダガン（ラベル: カモ）,カナダガン2羽（1羽は羽を広げる）,ok,
c3,GY,image,10,65,aca6645d590aa23f,ok,ガン（ラベル: カモ）,ハイイロガン（家禽）3羽,ok,
c3,GY,image,10,66,c30fbf9fe5fd93df,ok,ハクガン（ラベル: 白鳥）,白く翼の先が黒いガン2羽が飛ぶ。ハクガンかヒメハクガンかは決めきれない,ok,
c3,GY,image,10,67,77bfbbef28ac344c,ok,オシドリ（ラベル: ガン）,オシドリの雄,ok,
c3,GY,image,10,68,dd00d4ae604259d9,ok,マガモ（ラベル: ガン）,マガモ4羽（雌3、雄1）,ok,
c3,GY,image,11,69,75798b9525b6d72c,ok,カツオドリ（3種以外の鳥、ラベル: カモ）,シロカツオドリ類の営巣地。カツオドリ科の総称として合う（種のカツオドリ＝褐色の別種ではない）,ok,
c3,GY,image,11,70,2c7cee4d9b67df03,ok,ハト（3種以外の鳥、ラベル: ガン）,ハトの群れ,ok,
c3,GY,image,11,71,19e26aee9ea93c39,ok,カモメ（3種以外の鳥、ラベル: ガン）,頭の黒褐色なカモメ類（ユリカモメなど）の群れ。ほかの鳥は見当たらない,ok,
c3,GY,image,11,72,a421bd70e3bc83b0,wrong,コサギ（写っている鳥が3種以外、ラベル: ガン）,コサギの左後ろ（翼の陰）にマガモの雄が飛んでおり、3種のうちカモも写る。「3種以外の鳥」とは言えない,wrong,見落とし: 元の写真で、コサギの翼の後ろに雄のマガモ（6種のカモ。黄色いくちばし・橙の脚・白い尾）が飛ぶ。コサギだけ・6種以外の鳥とする説明は写真と違う
c3,GY,image,11,73,c0e238dad14e2833,wrong,ケリ（3種以外の鳥、ラベル: ガン）,写るのは顔に大きな黄色の肉垂、黒い頭頂、白い首のズグロトサカゲリ5羽。ケリは種の名で（頭から胸が灰色、胸に黒帯）、写真の鳥とは別の種（同じタゲリ属）,wrong,種名の誤り: 顔に大きな黄色い肉垂のあるズグロトサカゲリで、ケリ（灰色の頭・胸の黒帯）ではない（6種以外の鳥という分け方は合う）
c3,GY,image,11,74,cb6d8783a3617620,ok,バン（3種以外の鳥、ラベル: ガン）,バン2羽,ok,
c3,GY,image,11,75,cfae99f4ad4dfd04,ok,アオサギ（3種以外の鳥、ラベル: ガン）,大型のアオサギ類。首が褐色がかりオオアオサギの可能性もあり、種は決めきれない,ok,
c3,GY,image,11,76,79220d3b1f196fcd,ok,ペリカン（3種以外の鳥、ラベル: ガン）,ペリカン2羽。右端に一部だけ写る白っぽい物は見分けられない,ok,
c3,GY,image,11,77,bfdb4c1235db8a5f,ok,オオバン（3種以外の鳥、ラベル: ガン）,,ok,
c3,GY,image,11,78,498ae254e1ce2c98,ok,オオバン（3種以外の鳥、ラベル: 白鳥）,オオバンの頭と首のアップ,ok,
c3,GY,image,12,79,818e6f19db055919,ok,暗色の水鳥（判断できず、ガン→カモ）,杭の上で羽づくろいする暗色の鳥。パラダイスツクシガモの雄に見え、カモ類（判断できずは控えめな記述）,ok,
c3,GY,image,12,80,e9b707f0234531df,ok,水鳥の群れ（判断できず、ガン→カモ）,アカハシリュウキュウガモ（カモ類）の群れに見える,ok,
c3,GY,image,12,81,cf5d6bc1ade7ff18,ok,水鳥のアップ（判断できず、ガン→カモ）,若い鳥の頭のアップ。くちばしはカモ類の形（バリケンの若鳥か）。種は決めきれない,ok,
c3,GY,image,12,82,64333d483e03c680,ok,白黒の水鳥（判断できず、白鳥→カモ）,手前と左のぼけた鳥はカモ（マガモ類）に見える。右奥の白い鳥はぼけていて、ハクチョウかどうか決めきれない,ok,
c3,GY,slide,3,,,ok,最多の「ガン→ハクチョウ」13枚のうち、ガンが写るのは1枚だけ,番号付き12枚でガンは#13だけ。番号なしのカモメの1枚にもガンは見えない,ok,
c3,GY,slide,3,,,ok,ガンが写るのは、夕空を飛ぶ4羽のシルエットの1枚,#13,ok,
c3,GY,slide,3,,,ok,残る12枚は白鳥7枚（コクチョウ3枚を含む）と、ハト・カモメ・サギ・ペリカン5枚,"白: #17,#18,#19,#21、コクチョウ: #14,#15,#16。#23にはマガモの雄、#14にはカモとハトも写るが、ガンではない",ok,
c3,GY,slide,4,,,ok,誤り51枚のうち33枚は、写っている鳥がラベルの種と違う,スライド9〜11の33枚に、ラベルの種は写らない,ok,
c3,GY,slide,4,,,ok,51枚の内訳は、ラベルのずれ33・モデルの誤り14・判断できず4,モデルの誤りは表示の10枚（ラベルどおりのコクチョウ）で確認、残り4枚は表示がない。判断できずの4枚（スライド12）はカモ類に見え、控えめな区分,ok,
c3,GY,slide,4,,,overclaim,ラベルのずれ33枚の写っている鳥は、白鳥12・ガン7・カモ4・他の鳥10,数はスライド9〜11と合うが、「他の鳥」に入る#72はコサギの左後ろにマガモの雄も写り、カモを含む,overclaim,スライドの主張: 大半の写真には合うが、上の見落とし・誤りのある写真で崩れる（主張全体が写真と違うわけではない）
c3,GY,slide,5,,,ok,モデルの誤り14枚のうち10枚は、コクチョウをガンやカモと答えたもの,表示の10枚はすべてコクチョウ,ok,
c3,GY,slide,5,,,ok,コクチョウは誤り51枚のうち17枚に写る（モデルの誤り10、ラベルのずれ7）,"スライド5の10枚とスライド9の7枚（#47,#48,#49,#50,#52,#53,#55）で合う。ほかの表示写真にコクチョウはない（表示のないモデルの誤り4枚は確かめられない）",ok,
c3,GY,slide,9,,,ok,ラベルのずれ33枚のうち12枚は、ガンかカモのラベルが付いた白鳥,12枚すべてにハクチョウが写り、ラベルの種は写らない。#52にはカモとハトも写る,ok,
c3,GY,slide,10,,,ok,ガン7枚とカモ4枚の写真にも、別の種のラベルが付いている,,ok,
c3,GY,slide,11,,,overclaim,ラベルのずれ33枚のうち10枚は、ガン・カモ・ハクチョウ以外の鳥,#72はコサギの左後ろにマガモの雄が飛んでおり、カモも写る。ほかの9枚は3種以外の鳥,overclaim,スライドの主張: 大半の写真には合うが、上の見落とし・誤りのある写真で崩れる（主張全体が写真と違うわけではない）
c3,GY,slide,12,,,ok,目視で判断できなかった4枚は、暗色の水鳥のアップや群れ,様子の説明は合う。4枚ともカモ類に見える（#79パラダイスツクシガモの雄、#80アカハシリュウキュウガモの群れなど）,ok,
c4,OW,image,2,1,a421bd70e3bc83b0,wrong,ガン→ハクチョウの組、写っているもの「サギ」,サギ（コサギ）の後ろ、左上にマガモの雄が翼を広げて飛んでいる。サギだけでなく6種のカモも写る,wrong,見落とし: 元の写真で、コサギの翼の後ろに雄のマガモ（6種のカモ。黄色いくちばし・橙の脚・白い尾）が飛ぶ。コサギだけ・6種以外の鳥とする説明は写真と違う
c4,OW,image,2,2,6c403fe46bccb17e,ok,ガン→ハクチョウの組、「ハクチョウ」,コブハクチョウ2羽,ok,
c4,OW,image,2,3,ea3604d122a4e6b8,ok,カモ→ガンの組、「カモ」,アメリカヒドリの雄1羽,ok,
c4,OW,image,2,4,a5536024ebd69580,ok,カモ→ガンの組、「ハクチョウ」,コクチョウ1羽,ok,
c4,OW,image,2,5,7c5a386015a1cf89,ok,ガン→カモの組、「カモ」,マガモの雄1羽,ok,
c4,OW,image,2,6,cf5d6bc1ade7ff18,ok,ガン→カモの組、「判別困難」,決めきれない。頭が茶と黒・首が白い鳥のアップで、くちばしの形はバリケンの若鳥などカモ類に見えるが断定できない,ok,
c4,OW,image,2,7,62439d385f495f5f,ok,ハクチョウ→ガンの組、「ハクチョウ」,コクチョウ1羽,ok,
c4,OW,image,2,8,8c34199588023f39,ok,ハクチョウ→ガンの組、「ハクチョウ」,コクチョウ1羽,ok,
c4,OW,image,2,9,77342c4f2ac0f91b,ok,カモ→ハクチョウの組、「ハクチョウ」,白いハクチョウ4羽。中央右上の水面に小さな枠（ガン・ハクチョウ）があるが、物は見分けられない,ok,
c4,OW,image,2,10,e6f42985d808d61b,ok,カモ→ハクチョウの組、「ハクチョウ」,コクチョウ2羽,ok,
c4,OW,image,2,11,768b6f700c9b6f72,ok,ハクチョウ→カモの組、「ハクチョウ」,羽づくろいするコクチョウ1羽,ok,
c4,OW,image,2,12,498ae254e1ce2c98,ok,ハクチョウ→カモの組、「オオバン」,オオバン1羽,ok,
c4,OW,image,3,13,895dbfa06f80d04b,ok,ラベルの誤り、「ハクチョウ」,芝生のコクチョウ1羽。カモは写っていない,ok,
c4,OW,image,3,14,fbe34f827ba64b67,ok,ラベルの誤り、「ハクチョウ」,コブハクチョウ2羽と中央奥に灰色の若鳥。ガンは見当たらない,ok,
c4,OW,image,3,15,e9b707f0234531df,ok,ラベルの誤り、「カモ」,アカハシリュウキュウガモの群れ（カモ科）。ガンは見当たらない,ok,
c4,OW,image,3,16,cb6d8783a3617620,ok,6種以外の鳥、「バン」,バン2羽,ok,
c4,OW,image,3,17,bfdb4c1235db8a5f,ok,6種以外の鳥、「オオバン」,オオバン1羽,ok,
c4,OW,image,3,18,8c9b3a301f8b5d42,ok,モデルの誤り、「ガン」,空を飛ぶ4羽のシルエット。ガンらしい形だが影なので種は決めきれない,ok,
c4,OW,image,3,19,768b6f700c9b6f72,ok,モデルの誤り、「ハクチョウ」,コクチョウ1羽,ok,
c4,OW,image,3,20,8c34199588023f39,ok,モデルの誤り、「ハクチョウ」,コクチョウ1羽,ok,
c4,OW,image,3,21,818e6f19db055919,ok,判別が難しい、「判別困難」,決めきれない。杭の上で片脚で羽づくろいするクロアカツクシガモの雄に見え、ガンかカモかは言い切れない,ok,
c4,OW,image,3,22,64333d483e03c680,ok,判別が難しい、「判別困難」,決めきれない。白黒で、手前の暗い鳥2羽（くっきりした1羽と左のぼけた1羽）はカモに見え、奥の白い鳥はぼけている,ok,
c4,OW,image,4,23,cbe005c8b3e5730e,ok,写真はハクチョウ,ハクチョウ3羽（灰色がかった若鳥2羽を含む）,ok,
c4,OW,image,4,24,fbe34f827ba64b67,ok,写真はハクチョウ,コブハクチョウ2羽と灰色の若鳥,ok,
c4,OW,image,4,25,9856bd4e230ed3d8,wrong,写真はハクチョウ,コクチョウのほかに、右下の手前・左奥の小道・コクチョウの首の後ろにマガモの雌らしい茶色いカモが写る（下にハトも）。ハクチョウだけの写真ではない,wrong,見落とし: コクチョウのほかに、マガモの雄1羽と雌3羽以上（右下手前は大きい）とハトが写る。ハクチョウだけの写真として扱う説明は写真と違う（ガンは写らないので、ラベルの誤りという判断は合う）
c4,OW,image,4,26,90988bc54d845592,ok,写真はハクチョウ,コクチョウ1羽,ok,
c4,OW,image,4,27,7c5a386015a1cf89,ok,写真はカモ,マガモの雄1羽,ok,
c4,OW,image,4,28,ab56f23fa316ad56,ok,写真はカモ,マガモの雌1羽,ok,
c4,OW,image,4,29,77bfbbef28ac344c,ok,写真はカモ,オシドリの雄1羽,ok,
c4,OW,image,4,30,63321f1973f5cce9,ok,写真はハクチョウ,コブハクチョウ2羽,ok,
c4,OW,image,4,31,6c403fe46bccb17e,ok,写真はハクチョウ,コブハクチョウ2羽,ok,
c4,OW,image,4,32,65e297831c751675,ok,写真はハクチョウ,白黒のコクチョウ1羽,ok,
c4,OW,image,4,33,e9b707f0234531df,ok,写真はカモ,アカハシリュウキュウガモの群れ,ok,
c4,OW,image,4,34,dd00d4ae604259d9,ok,写真はカモ,マガモ4羽（雄1・雌3）,ok,
c4,OW,image,5,35,2c7cee4d9b67df03,ok,ガンと付いた6種以外の鳥、「ハト」,飛ぶハトの群れ,ok,
c4,OW,image,5,36,19e26aee9ea93c39,ok,ガンと付いた6種以外の鳥、「カモメ」,カモメの群れ,ok,
c4,OW,image,5,37,a421bd70e3bc83b0,wrong,ガンと付いた6種以外の鳥、「サギ」,サギの後ろ（左上）にマガモの雄が飛んでいる。6種のカモが写るので、6種以外の鳥だけの写真ではない,wrong,見落とし: 元の写真で、コサギの翼の後ろに雄のマガモ（6種のカモ。黄色いくちばし・橙の脚・白い尾）が飛ぶ。コサギだけ・6種以外の鳥とする説明は写真と違う
c4,OW,image,5,42,c0e238dad14e2833,ok,ガンと付いた6種以外の鳥、「タゲリ」,芝生にズグロトサカゲリ（タゲリの仲間）5羽。種としてのタゲリではないが仲間の名としては合う,ok,
c4,OW,image,5,38,cb6d8783a3617620,ok,ガンと付いた6種以外の鳥、「バン」,バン2羽,ok,
c4,OW,image,5,39,cfae99f4ad4dfd04,ok,ガンと付いた6種以外の鳥、「サギ」,飛ぶオオアオサギ1羽,ok,
c4,OW,image,5,40,79220d3b1f196fcd,ok,ガンと付いた6種以外の鳥、「ペリカン」,コシグロペリカン2羽,ok,
c4,OW,image,5,41,bfdb4c1235db8a5f,ok,ガンと付いた6種以外の鳥、「オオバン」,オオバン1羽,ok,
c4,OW,image,5,43,75798b9525b6d72c,ok,カモと付いた6種以外の鳥、「カツオドリ」,シロカツオドリ類（カツオドリ科）の群れ,ok,
c4,OW,image,5,44,498ae254e1ce2c98,ok,ハクチョウと付いた6種以外の鳥、「オオバン」,オオバン1羽,ok,
c4,OW,image,6,45,eb1b1ae30dfe0859,ok,外れ 黒いハクチョウ（主役）,コクチョウ2羽が主役。奥の水面（枠あり）と左端に小さくカモらしい鳥が写るが、主役という記述とは矛盾しない,ok,
c4,OW,image,6,46,62439d385f495f5f,ok,外れ 黒いハクチョウ,コクチョウ1羽,ok,
c4,OW,image,6,47,1cfc18d13e57ce38,ok,外れ 黒いハクチョウ,芝生のコクチョウ1羽,ok,
c4,OW,image,6,48,768b6f700c9b6f72,ok,外れ 黒いハクチョウ,羽づくろいするコクチョウ1羽,ok,
c4,OW,image,6,49,564baccf777e1ec7,ok,外れ 黒いハクチョウ,コクチョウの頭と首のアップ,ok,
c4,OW,image,6,50,a0c526719a3f9b0f,ok,外れ 黒いハクチョウ,羽を立てたコクチョウ1羽,ok,
c4,OW,image,6,51,0ea78a8ea4e50ab1,ok,外れ 黒いハクチョウ,コクチョウ1羽,ok,
c4,OW,image,6,52,8c34199588023f39,ok,外れ 黒いハクチョウ,芝生のコクチョウ1羽,ok,
c4,OW,image,6,53,8f70ee9ebc91fad6,ok,外れ 黒いハクチョウ,コクチョウの頭のアップ,ok,
c4,OW,image,6,54,e622d2cf834e64dd,ok,外れ 黒いハクチョウ,コクチョウ1羽,ok,
c4,OW,image,9,55,818e6f19db055919,ok,ガン→カモ。片脚で羽づくろいする1羽（カモともガンとも言い切れない）,決めきれない。1羽・片脚・羽づくろいは合う。クロアカツクシガモの雄に見える,ok,
c4,OW,image,9,56,cf5d6bc1ade7ff18,ok,ガン→カモ。頭が茶と黒、首が白い鳥のアップ,様子は合う。種は決めきれない（バリケンの若鳥などカモ類に見える）,ok,
c4,OW,image,9,57,3eaf885ee61c3999,ok,ハクチョウ→カモ。水面にカモ数十羽と、右下にハクチョウ1羽,キンクロハジロ・マガモ・カワアイサなどカモ数十羽と、右下にコブハクチョウ1羽,ok,
c4,OW,image,9,58,64333d483e03c680,ok,ハクチョウ→カモ。白黒、手前に暗い色の鳥、奥にぼけた白い鳥,手前の暗い鳥は2羽（中央右と左のぼけた1羽）でカモに見える。奥の白い鳥はぼけて決めきれない,ok,
c4,OW,image,10,59,64e48b07e9a2add5,ok,写真はガン,カナダガン1羽,ok,
c4,OW,image,10,64,54b37811bb5e40ad,ok,写真はガン,カナダガン2羽,ok,
c4,OW,image,10,60,679a5e597d44671f,ok,写真はガン,カナダガン1羽,ok,
c4,OW,image,10,61,e8fbe13cc8504f51,ok,写真はガン,カナダガン2羽,ok,
c4,OW,image,10,62,33ae590a0d97b084,ok,写真はガン,カナダガン2羽,ok,
c4,OW,image,10,63,aca6645d590aa23f,ok,写真はガン,ハイイロガン（家禽型）3羽,ok,
c4,OW,image,10,65,77342c4f2ac0f91b,ok,写真はハクチョウ,白いハクチョウ4羽（#9 と同じ写真）,ok,
c4,OW,image,10,66,a292025d2530ca80,ok,写真はハクチョウ,コクチョウ1羽と、右端に灰色のひな（ハクチョウのひなに見える）,ok,
c4,OW,image,10,67,895dbfa06f80d04b,ok,写真はハクチョウ,コクチョウ1羽,ok,
c4,OW,image,10,68,a5536024ebd69580,ok,写真はハクチョウ,コクチョウ1羽,ok,
c4,OW,image,10,69,e6f42985d808d61b,ok,写真はハクチョウ,コクチョウ2羽,ok,
c4,OW,image,10,70,ea3604d122a4e6b8,ok,モデルの誤り,アメリカヒドリの雄（カモ）。ラベルのカモと合う,ok,
c4,OW,image,10,71,d21534a1cca6ec2d,ok,モデルの誤り,手前はベニバシガモの雄でラベルのカモと合う。上の奥に茶色い鳥の首と胴が一部写り、ガンかカモかは決めきれない,ok,
c4,OW,image,10,72,75798b9525b6d72c,ok,6種以外,シロカツオドリ類の群れ,ok,
c4,OW,slide,3,,,unknown,誤り51枚のうちモデルの誤り13枚、34枚は写真とラベルが合わない,表示された写真とは矛盾しないが、全数は写真からは確かめられない,unknown,
c4,OW,slide,4,,,ok,ガンと付いた誤り23枚のうち12枚はハクチョウかカモの写真,表示の12枚はすべてハクチョウかカモ（#25 はコクチョウとマガモの雌の両方）,ok,
c4,OW,slide,4,,,ok,モデルの誤りは夕暮れに飛ぶ4羽のシルエットのガン1枚だけ,#18 の飛ぶ4羽のシルエットと合う。夕暮れか・ガンかは影からは決めきれない,ok,
c4,OW,slide,4,,,overclaim,残り10枚の内訳は6種以外の鳥8枚、判別が難しい2枚,6種以外の鳥に数えた #37 は、サギの後ろにマガモの雄が写り、6種のカモを含む,overclaim,スライドの主張: 大半の写真には合うが、上の見落とし・誤りのある写真で崩れる（主張全体が写真と違うわけではない）
c4,OW,slide,5,,,overclaim,6種以外の鳥10枚（うち8枚にガンのラベル）,#37 はサギの後ろ（左上）にマガモの雄が写り、6種のカモを含む。ほかの9枚は6種以外の鳥だけ,overclaim,スライドの主張: 大半の写真には合うが、上の見落とし・誤りのある写真で崩れる（主張全体が写真と違うわけではない）
c4,OW,slide,6,,,ok,黒いハクチョウが主役の23枚のうち10枚を外す,外れの10枚はすべてコクチョウが主役（#45 は奥に小さくカモも写る）,ok,
c4,OW,slide,6,,,unknown,白いハクチョウが主役の写真（灰色の若鳥を含む）8枚は全部当たり,このスライドに白いハクチョウの写真はなく確かめられない,unknown,
c4,OW,slide,9,,,ok,判別が難しい4枚は、複数の鳥が写るか、種が特定できない写真,#55・#56 は1羽で種が決めにくい、#57・#58 は複数の鳥が写る,ok,
c4,OW,slide,10,,,ok,カモと付いた誤り14枚のうち11枚はガンかハクチョウの写真,表示の11枚はカナダガン・ハイイロガンかハクチョウ,ok,
c4,GY,image,2,1,a421bd70e3bc83b0,none,見出し「ガン→ハクチョウ 13枚」（ラベル→予測）のみ,,none,
c4,GY,image,2,2,6c403fe46bccb17e,none,見出し「ガン→ハクチョウ 13枚」（ラベル→予測）のみ,,none,
c4,GY,image,2,3,ea3604d122a4e6b8,none,見出し「カモ→ガン 10枚」（ラベル→予測）のみ,,none,
c4,GY,image,2,4,a5536024ebd69580,none,見出し「カモ→ガン 10枚」（ラベル→予測）のみ,,none,
c4,GY,image,2,5,7c5a386015a1cf89,none,見出し「ガン→カモ 10枚」（ラベル→予測）のみ,,none,
c4,GY,image,2,6,cf5d6bc1ade7ff18,none,見出し「ガン→カモ 10枚」（ラベル→予測）のみ,,none,
c4,GY,image,2,7,62439d385f495f5f,none,見出し「ハクチョウ→ガン 10枚」（ラベル→予測）のみ,,none,
c4,GY,image,2,8,8c34199588023f39,none,見出し「ハクチョウ→ガン 10枚」（ラベル→予測）のみ,,none,
c4,GY,image,2,9,77342c4f2ac0f91b,none,見出し「カモ→ハクチョウ 4枚」（ラベル→予測）のみ,,none,
c4,GY,image,2,10,e6f42985d808d61b,none,見出し「カモ→ハクチョウ 4枚」（ラベル→予測）のみ,,none,
c4,GY,image,2,11,768b6f700c9b6f72,none,見出し「ハクチョウ→カモ 4枚」（ラベル→予測）のみ,,none,
c4,GY,image,2,12,498ae254e1ce2c98,none,見出し「ハクチョウ→カモ 4枚」（ラベル→予測）のみ,,none,
c4,GY,image,3,13,8c9b3a301f8b5d42,ok,ガン 1枚、「飛ぶガン」,空を飛ぶ4羽のシルエット。ガンらしい形だが影なので種は決めきれない,ok,
c4,GY,image,3,14,9856bd4e230ed3d8,wrong,ガン以外、写っている鳥「コクチョウ」,コクチョウのほかに、右下の手前・左奥の小道・コクチョウの首の後ろにマガモの雌らしい茶色いカモが写る（下にハトも）。コクチョウだけではない,wrong,見落とし: コクチョウのほかに、マガモの雄1羽と雌3羽以上（右下手前は大きい）とハトが写る。ハクチョウだけの写真として扱う説明は写真と違う（ガンは写らないので、ラベルの誤りという判断は合う）
c4,GY,image,3,15,90988bc54d845592,ok,ガン以外、「コクチョウ」,コクチョウ1羽,ok,
c4,GY,image,3,16,65e297831c751675,ok,ガン以外、「コクチョウ」,白黒のコクチョウ1羽,ok,
c4,GY,image,3,17,cbe005c8b3e5730e,ok,ガン以外、「白鳥」,ハクチョウ3羽（若鳥2羽を含む）,ok,
c4,GY,image,3,18,fbe34f827ba64b67,ok,ガン以外、「白鳥」,コブハクチョウ2羽と灰色の若鳥,ok,
c4,GY,image,3,19,63321f1973f5cce9,ok,ガン以外、「白鳥」,コブハクチョウ2羽,ok,
c4,GY,image,3,21,6c403fe46bccb17e,ok,ガン以外、「白鳥」,コブハクチョウ2羽,ok,
c4,GY,image,3,22,cfae99f4ad4dfd04,ok,ガン以外、「アオサギ」,飛ぶサギ1羽。首の色からはオオアオサギに見えるが、よく似た種で決めきれない,ok,
c4,GY,image,3,23,a421bd70e3bc83b0,wrong,ガン以外、写っている鳥「コサギ」,コサギの後ろ（左上）にマガモの雄が翼を広げて飛んでいる。コサギだけでなくカモも写る,wrong,見落とし: 元の写真で、コサギの翼の後ろに雄のマガモ（6種のカモ。黄色いくちばし・橙の脚・白い尾）が飛ぶ。コサギだけ・6種以外の鳥とする説明は写真と違う
c4,GY,image,3,20,2c7cee4d9b67df03,ok,ガン以外、「ハト」,飛ぶハトの群れ,ok,
c4,GY,image,3,24,79220d3b1f196fcd,ok,ガン以外、「ペリカン」,コシグロペリカン2羽,ok,
c4,GY,image,4,26,895dbfa06f80d04b,ok,ラベルのずれ・白鳥の写真、「コクチョウ」,芝生のコクチョウ1羽,ok,
c4,GY,image,4,27,fbe34f827ba64b67,ok,ラベルのずれ・白鳥の写真、「白鳥」,コブハクチョウ2羽と灰色の若鳥,ok,
c4,GY,image,4,25,6c403fe46bccb17e,ok,ラベルのずれ・白鳥の写真、「白鳥」,コブハクチョウ2羽,ok,
c4,GY,image,4,28,54b37811bb5e40ad,ok,ラベルのずれ・ガンの写真、「カナダガン」,カナダガン2羽,ok,
c4,GY,image,4,29,e8fbe13cc8504f51,ok,ラベルのずれ・ガンの写真、「カナダガン」,カナダガン2羽,ok,
c4,GY,image,4,30,aca6645d590aa23f,ok,ラベルのずれ・ガンの写真、「ガン」,ハイイロガン（家禽型）3羽,ok,
c4,GY,image,4,31,7c5a386015a1cf89,ok,ラベルのずれ・カモの写真、「マガモ」,マガモの雄1羽,ok,
c4,GY,image,4,32,77bfbbef28ac344c,ok,ラベルのずれ・カモの写真、「オシドリ」,オシドリの雄1羽,ok,
c4,GY,image,4,33,dd00d4ae604259d9,ok,ラベルのずれ・カモの写真、「マガモ」,マガモ4羽,ok,
c4,GY,image,4,34,cb6d8783a3617620,ok,ラベルのずれ・他の鳥の写真、「バン」,バン2羽,ok,
c4,GY,image,4,35,bfdb4c1235db8a5f,ok,ラベルのずれ・他の鳥の写真、「オオバン」,オオバン1羽,ok,
c4,GY,image,5,39,eb1b1ae30dfe0859,ok,モデルの誤りのコクチョウ、白鳥→ガン「池の2羽」,コクチョウ2羽。奥の水面に小さなカモの枠が4つあり、左端にもカモらしい物が写るが、コクチョウの数としては合う,ok,
c4,GY,image,5,36,62439d385f495f5f,ok,コクチョウ、白鳥→ガン「水面」,水面のコクチョウ1羽,ok,
c4,GY,image,5,37,1cfc18d13e57ce38,ok,コクチョウ、白鳥→ガン「草地」,芝生のコクチョウ1羽,ok,
c4,GY,image,5,40,768b6f700c9b6f72,ok,コクチョウ、白鳥→カモ「赤いくちばし」,羽づくろいするコクチョウ1羽。赤いくちばしが見える,ok,
c4,GY,image,5,38,564baccf777e1ec7,ok,コクチョウ、白鳥→ガン「首とくちばし」,コクチョウの首と頭のアップ,ok,
c4,GY,image,5,41,a0c526719a3f9b0f,ok,コクチョウ、白鳥→ガン「羽づくろい」,羽を立てて羽づくろいするコクチョウ,ok,
c4,GY,image,5,42,0ea78a8ea4e50ab1,ok,コクチョウ、白鳥→ガン「水辺」,アシのそばの水面のコクチョウ1羽,ok,
c4,GY,image,5,43,8c34199588023f39,ok,コクチョウ、白鳥→ガン「草地」,水辺の草地のコクチョウ1羽,ok,
c4,GY,image,5,44,8f70ee9ebc91fad6,ok,コクチョウ、白鳥→ガン「首とくちばし」,コクチョウの頭のアップ,ok,
c4,GY,image,5,45,e622d2cf834e64dd,ok,コクチョウ、白鳥→ガン「縦位置」,縦長の写真のコクチョウ1羽,ok,
c4,GY,image,9,46,77342c4f2ac0f91b,ok,ラベル:カモ、「白鳥」,白いハクチョウ4羽。中央右上の水面に小さな枠（ガン・ハクチョウ）があるが、物は見分けられない,ok,
c4,GY,image,9,47,a292025d2530ca80,ok,ラベル:カモ、「コクチョウ」,コクチョウ1羽と、右端に灰色のひな（ハクチョウのひなに見える）,ok,
c4,GY,image,9,48,895dbfa06f80d04b,ok,ラベル:カモ、「コクチョウ」,芝生のコクチョウ1羽,ok,
c4,GY,image,9,49,a5536024ebd69580,ok,ラベル:カモ、「コクチョウ」,コクチョウ1羽,ok,
c4,GY,image,9,50,e6f42985d808d61b,ok,ラベル:カモ、「コクチョウ」,コクチョウ2羽,ok,
c4,GY,image,9,51,cbe005c8b3e5730e,ok,ラベル:ガン、「白鳥」,ハクチョウ3羽（若鳥2羽を含む）,ok,
c4,GY,image,9,56,fbe34f827ba64b67,ok,ラベル:ガン、「白鳥」,コブハクチョウ2羽と灰色の若鳥,ok,
c4,GY,image,9,52,9856bd4e230ed3d8,wrong,ラベル:ガン、写っている鳥「コクチョウ」,コクチョウのほかに、右下の手前・左奥の小道・コクチョウの首の後ろにマガモの雌らしい茶色いカモが写る（下にハトも）。コクチョウだけではない,wrong,見落とし: コクチョウのほかに、マガモの雄1羽と雌3羽以上（右下手前は大きい）とハトが写る。ハクチョウだけの写真として扱う説明は写真と違う（ガンは写らないので、ラベルの誤りという判断は合う）
c4,GY,image,9,53,90988bc54d845592,ok,ラベル:ガン、「コクチョウ」,コクチョウ1羽,ok,
c4,GY,image,9,54,63321f1973f5cce9,ok,ラベル:ガン、「白鳥」,コブハクチョウ2羽,ok,
c4,GY,image,9,57,6c403fe46bccb17e,ok,ラベル:ガン、「白鳥」,コブハクチョウ2羽,ok,
c4,GY,image,9,55,65e297831c751675,ok,ラベル:ガン、「コクチョウ」,白黒のコクチョウ1羽,ok,
c4,GY,image,10,58,64e48b07e9a2add5,ok,実際はガン、ラベル:カモ「カナダガン」,カナダガン1羽,ok,
c4,GY,image,10,62,54b37811bb5e40ad,ok,実際はガン、ラベル:カモ「カナダガン」,カナダガン2羽,ok,
c4,GY,image,10,59,679a5e597d44671f,ok,実際はガン、ラベル:カモ「カナダガン」,カナダガン1羽,ok,
c4,GY,image,10,60,e8fbe13cc8504f51,ok,実際はガン、ラベル:カモ「カナダガン」,カナダガン2羽,ok,
c4,GY,image,10,64,33ae590a0d97b084,ok,実際はガン、ラベル:カモ「カナダガン」,カナダガン2羽,ok,
c4,GY,image,10,65,aca6645d590aa23f,ok,実際はガン、ラベル:カモ「ガン」,ハイイロガン（家禽型）3羽,ok,
c4,GY,image,10,66,c30fbf9fe5fd93df,ok,実際はガン、ラベル:白鳥「ハクガン」,空を飛ぶ白いガン2羽（翼の先が黒い）。ハクガン類（ヒメハクガンとは決めきれない）,ok,
c4,GY,image,10,61,7c5a386015a1cf89,ok,実際はカモ、ラベル:ガン「マガモ」,マガモの雄1羽,ok,
c4,GY,image,10,63,ab56f23fa316ad56,ok,実際はカモ、ラベル:ガン「カモ」,マガモの雌1羽,ok,
c4,GY,image,10,67,77bfbbef28ac344c,ok,実際はカモ、ラベル:ガン「オシドリ」,オシドリの雄1羽,ok,
c4,GY,image,10,68,dd00d4ae604259d9,ok,実際はカモ、ラベル:ガン「マガモ」,マガモ4羽,ok,
c4,GY,image,11,69,75798b9525b6d72c,ok,3種以外の鳥、ラベル:カモ「カツオドリ」,シロカツオドリ類（カツオドリ科）の群れ,ok,
c4,GY,image,11,70,2c7cee4d9b67df03,ok,3種以外の鳥、ラベル:ガン「ハト」,飛ぶハトの群れ,ok,
c4,GY,image,11,71,19e26aee9ea93c39,ok,3種以外の鳥、ラベル:ガン「カモメ」,カモメの群れ,ok,
c4,GY,image,11,72,a421bd70e3bc83b0,wrong,3種以外の鳥、ラベル:ガン「コサギ」,コサギの後ろ（左上）にマガモの雄が翼を広げて飛んでいる。カモが写るので3種以外の鳥だけの写真ではない,wrong,見落とし: 元の写真で、コサギの翼の後ろに雄のマガモ（6種のカモ。黄色いくちばし・橙の脚・白い尾）が飛ぶ。コサギだけ・6種以外の鳥とする説明は写真と違う
c4,GY,image,11,73,c0e238dad14e2833,ok,3種以外の鳥、ラベル:ガン「ケリ」,芝生にズグロトサカゲリ（ケリ・タゲリの仲間）5羽。種としてのケリではないが仲間の名としては合う,ok,
c4,GY,image,11,74,cb6d8783a3617620,ok,3種以外の鳥、ラベル:ガン「バン」,バン2羽,ok,
c4,GY,image,11,75,cfae99f4ad4dfd04,ok,3種以外の鳥、ラベル:ガン「アオサギ」,飛ぶサギ1羽。オオアオサギに見えるが、よく似た種で決めきれない,ok,
c4,GY,image,11,76,79220d3b1f196fcd,ok,3種以外の鳥、ラベル:ガン「ペリカン」,コシグロペリカン2羽,ok,
c4,GY,image,11,77,bfdb4c1235db8a5f,ok,3種以外の鳥、ラベル:ガン「オオバン」,オオバン1羽,ok,
c4,GY,image,11,78,498ae254e1ce2c98,ok,3種以外の鳥、ラベル:白鳥「オオバン」,オオバン1羽,ok,
c4,GY,image,12,79,818e6f19db055919,ok,判断できず、ガン→カモ「暗色の水鳥」,決めきれない。杭の上で片脚で羽づくろいするクロアカツクシガモの雄に見える,ok,
c4,GY,image,12,80,e9b707f0234531df,ok,判断できず、ガン→カモ「水鳥の群れ」,「水鳥の群れ」は合う。アカハシリュウキュウガモ（カモ科）の群れに見え、判断できずとしても写真とは矛盾しない,ok,
c4,GY,image,12,81,cf5d6bc1ade7ff18,ok,判断できず、ガン→カモ「水鳥のアップ」,決めきれない。頭が茶と黒・首が白い鳥のアップで、バリケンの若鳥などカモ類に見える,ok,
c4,GY,image,12,82,64333d483e03c680,ok,判断できず、白鳥→カモ「白黒の水鳥」,決めきれない。白黒で、手前の暗い鳥2羽はカモに見え、奥にぼけた白い鳥,ok,
c4,GY,slide,3,,,ok,ガン→ハクチョウ13枚のうち、ガンが写っているのは1枚だけ,#13 以外の12枚にガンは見当たらない（#14 の茶色い鳥はマガモの雌らしいカモ）,ok,
c4,GY,slide,3,,,ok,ガンが写っているのは夕空を飛ぶ4羽のシルエットの1枚,#13 の飛ぶ4羽のシルエットと合う。夕空か・ガンかは影からは決めきれない,ok,
c4,GY,slide,3,,,overclaim,残る12枚は白鳥7枚（コクチョウ3枚を含む）と、ハト・カモメ・サギ・ペリカン5枚,枚数は合うが、#14 はコクチョウのほかマガモの雌らしいカモ、#23 はコサギのほか後ろにマガモの雄も写る。カモの写る2枚がある,overclaim,スライドの主張: 大半の写真には合うが、上の見落とし・誤りのある写真で崩れる（主張全体が写真と違うわけではない）
c4,GY,slide,4,,,unknown,誤り51枚のうち33枚は写っている鳥がラベルの種と違う（ずれ33・モデルの誤り14・判断できず4）,表示された写真とは矛盾しないが、全数は写真からは確かめられない,unknown,
c4,GY,slide,5,,,ok,モデルの誤り14枚のうち10枚はコクチョウをガンやカモと答えたもの,表示の10枚はすべてコクチョウの写真,ok,
c4,GY,slide,5,,,unknown,コクチョウは誤り51枚のうち17枚に写る（モデルの誤り10枚、ラベルのずれ7枚）,スライド5の10枚とスライド9の7枚はコクチョウの写真で数は合うが、51枚すべては確かめられない,unknown,
c4,GY,slide,9,,,ok,ラベルのずれ33枚のうち12枚はガンかカモのラベルが付いた白鳥,表示の12枚はすべてハクチョウの写真（#52 はカモも写る）,ok,
c4,GY,slide,10,,,ok,ガン7枚とカモ4枚の写真にも別の種のラベルが付いている,ガン7枚（カナダガン・ハイイロガン・ハクガン）とカモ4枚（マガモ・オシドリ）で合う,ok,
c4,GY,slide,11,,,overclaim,ラベルのずれ33枚のうち10枚はガン・カモ・ハクチョウ以外の鳥,#72 はコサギの後ろ（左上）にマガモの雄が写り、カモを含む。ほかの9枚は3種以外の鳥だけ,overclaim,スライドの主張: 大半の写真には合うが、上の見落とし・誤りのある写真で崩れる（主張全体が写真と違うわけではない）
c4,GY,slide,12,,,overclaim,目視で判断できなかった4枚は暗色の水鳥のアップや群れ,#81 は首から胸が白く頭だけ暗い鳥のアップ、#82 は奥にぼけた白い鳥も写る。4枚とも暗色の水鳥とまでは言えない,overclaim,スライドの主張: 大半の写真には合うが、上の見落とし・誤りのある写真で崩れる（主張全体が写真と違うわけではない）
c5,BL,image,2,1,ea3604d122a4e6b8,none,表のマス（ラベルカモ→予測ガン）に置いただけ,,none,
c5,BL,image,2,2,a5536024ebd69580,none,表のマス（ラベルカモ→予測ガン）に置いただけ,,none,
c5,BL,image,2,3,77342c4f2ac0f91b,none,表のマス（ラベルカモ→予測ハクチョウ）に置いただけ,,none,
c5,BL,image,2,4,e6f42985d808d61b,none,表のマス（ラベルカモ→予測ハクチョウ）に置いただけ,,none,
c5,BL,image,2,5,7c5a386015a1cf89,none,表のマス（ラベルガン→予測カモ）に置いただけ,,none,
c5,BL,image,2,6,cf5d6bc1ade7ff18,none,表のマス（ラベルガン→予測カモ）に置いただけ,,none,
c5,BL,image,2,7,a421bd70e3bc83b0,none,表のマス（ラベルガン→予測ハクチョウ）に置いただけ,,none,
c5,BL,image,2,8,6c403fe46bccb17e,none,表のマス（ラベルガン→予測ハクチョウ）に置いただけ,,none,
c5,BL,image,2,9,768b6f700c9b6f72,none,表のマス（ラベルハクチョウ→予測カモ）に置いただけ,,none,
c5,BL,image,2,10,498ae254e1ce2c98,none,表のマス（ラベルハクチョウ→予測カモ）に置いただけ,,none,
c5,BL,image,2,11,62439d385f495f5f,none,表のマス（ラベルハクチョウ→予測ガン）に置いただけ,,none,
c5,BL,image,2,12,8c34199588023f39,none,表のマス（ラベルハクチョウ→予測ガン）に置いただけ,,none,
c5,BL,image,3,13,8c9b3a301f8b5d42,ok,モデルの誤り：飛ぶガン,飛ぶ4羽のシルエット。ガンの形に合う（シルエットのため種は決めきれない）,ok,
c5,BL,image,3,14,768b6f700c9b6f72,ok,モデルの誤り：コクチョウ,,ok,
c5,BL,image,3,15,8c34199588023f39,ok,モデルの誤り：コクチョウ,,ok,
c5,BL,image,3,16,54b37811bb5e40ad,ok,ラベルの誤り：カナダガン,カナダガン2羽（ラベルはカモ）,ok,
c5,BL,image,3,17,cbe005c8b3e5730e,ok,ラベルの誤り：ハクチョウ,ハクチョウ3羽（うち2羽は若鳥）。ガンは写らない,ok,
c5,BL,image,3,18,77bfbbef28ac344c,ok,ラベルの誤り：オシドリ,,ok,
c5,BL,image,3,19,cb6d8783a3617620,ok,6種以外の鳥：バン,バン2羽,ok,
c5,BL,image,3,20,bfdb4c1235db8a5f,ok,6種以外の鳥：オオバン,,ok,
c5,BL,image,3,21,818e6f19db055919,ok,判断が分かれる：羽づくろい,杭の上で羽づくろいするツクシガモ類（クロアカツクシガモの雄に見える）。カモとガンの中間的な仲間で決めきれない,ok,
c5,BL,image,3,22,cf5d6bc1ade7ff18,ok,判断が分かれる：頭の大写し,頭部の大写し。バリケン系のカモに見えるが、頭だけでは決めきれない,ok,
c5,BL,image,3,23,64333d483e03c680,ok,判断が分かれる：白黒の水鳥,白黒写真。手前右と左奥にマガモ型のカモらしい鳥、右奥に白い鳥がぼやけて写る。決めきれない,ok,
c5,BL,image,4,24,eb1b1ae30dfe0859,ok,外したコクチョウ（予測ガン0.55）,コクチョウ2羽。上部の奥にデータのカモの小さな枠が4つあるが小さく決めきれず、矛盾はしない,ok,
c5,BL,image,4,25,62439d385f495f5f,ok,外したコクチョウ（予測ガン0.50）,,ok,
c5,BL,image,4,26,1cfc18d13e57ce38,ok,外したコクチョウ（予測ガン0.43）,,ok,
c5,BL,image,4,27,768b6f700c9b6f72,ok,外したコクチョウ（予測カモ0.43）,,ok,
c5,BL,image,4,28,564baccf777e1ec7,ok,外したコクチョウ（予測ガン0.56）,,ok,
c5,BL,image,4,29,a0c526719a3f9b0f,ok,外したコクチョウ（予測ガン0.54）,,ok,
c5,BL,image,4,30,0ea78a8ea4e50ab1,ok,外したコクチョウ（予測ガン0.62）,,ok,
c5,BL,image,4,31,8c34199588023f39,ok,外したコクチョウ（予測ガン0.42）,,ok,
c5,BL,image,4,32,8f70ee9ebc91fad6,ok,外したコクチョウ（予測ガン0.56）,,ok,
c5,BL,image,4,33,e622d2cf834e64dd,ok,外したコクチョウ（予測ガン0.60）,,ok,
c5,BL,image,5,34,cbe005c8b3e5730e,ok,ガン→実際はハクチョウ,ハクチョウ3羽。ガンは写らない,ok,
c5,BL,image,5,35,9856bd4e230ed3d8,ok,ガン→実際はコクチョウ,コクチョウが主。左・首の後ろ・右下に茶色の小さな水鳥（データはガンの枠）とハトも写る。茶色の鳥はマガモの雌に見えるが決めきれない,ok,
c5,BL,image,5,36,63321f1973f5cce9,ok,ガン→実際はハクチョウ,コブハクチョウ2羽,ok,
c5,BL,image,5,37,65e297831c751675,ok,ガン→実際はコクチョウ,白黒写真のコクチョウ,ok,
c5,BL,image,5,38,64e48b07e9a2add5,ok,カモ→実際はカナダガン,,ok,
c5,BL,image,5,39,679a5e597d44671f,ok,カモ→実際はカナダガン,,ok,
c5,BL,image,5,40,e8fbe13cc8504f51,ok,カモ→実際はカナダガン,カナダガン2羽,ok,
c5,BL,image,5,41,aca6645d590aa23f,ok,カモ→実際はガン,家禽型のハイイロガン3羽,ok,
c5,BL,image,6,42,75798b9525b6d72c,ok,6種にない鳥：シロカツオドリ類,カツオドリ類8羽ほど,ok,
c5,BL,image,6,43,a421bd70e3bc83b0,wrong,6種にない鳥：コサギ（どう予測しても正解にならない）,コサギだけと書くが、コサギの後ろ（左上）にマガモの雄が飛んでいる。6種のうちのカモが写る,wrong,見落とし: 元の写真で、コサギの翼の後ろに雄のマガモ（6種のカモ。黄色いくちばし・橙の脚・白い尾）が飛ぶ。コサギだけ・6種以外の鳥とする説明は写真と違う
c5,BL,image,6,44,c0e238dad14e2833,ok,6種にない鳥：トサカゲリ,トサカゲリ5羽,ok,
c5,BL,image,6,45,cb6d8783a3617620,ok,6種にない鳥：バン,バン2羽,ok,
c5,BL,image,6,46,cfae99f4ad4dfd04,ok,6種にない鳥：アオサギ類,,ok,
c5,BL,image,6,47,79220d3b1f196fcd,ok,6種にない鳥：ペリカン,ペリカン2羽,ok,
c5,BL,image,6,48,bfdb4c1235db8a5f,ok,6種にない鳥：オオバン,,ok,
c5,BL,image,6,49,498ae254e1ce2c98,ok,6種にない鳥：オオバン類,,ok,
c5,BL,image,9,50,cbe005c8b3e5730e,ok,ガンのラベル→実際はハクチョウ,ハクチョウ3羽,ok,
c5,BL,image,9,51,fbe34f827ba64b67,ok,ガンのラベル→実際はハクチョウ,テレビ画面。コブハクチョウ2羽と灰色の幼鳥1羽,ok,
c5,BL,image,9,52,9856bd4e230ed3d8,ok,ガンのラベル→実際はコクチョウ,#35と同じ写真。茶色の小さな水鳥（マガモの雌に見えるが決めきれない）とハトも写る,ok,
c5,BL,image,9,53,90988bc54d845592,ok,ガンのラベル→実際はコクチョウ,,ok,
c5,BL,image,9,54,63321f1973f5cce9,ok,ガンのラベル→実際はハクチョウ,コブハクチョウ2羽,ok,
c5,BL,image,9,55,7c5a386015a1cf89,ok,ガンのラベル→実際はマガモ,マガモの雄,ok,
c5,BL,image,9,56,6c403fe46bccb17e,ok,ガンのラベル→実際はハクチョウ,コブハクチョウ2羽,ok,
c5,BL,image,9,57,77bfbbef28ac344c,ok,ガンのラベル→実際はオシドリ,,ok,
c5,BL,image,9,58,65e297831c751675,ok,ガンのラベル→実際はコクチョウ,白黒写真,ok,
c5,BL,image,9,59,dd00d4ae604259d9,ok,ガンのラベル→実際はマガモ,マガモ4羽（雌3・雄1）,ok,
c5,BL,image,9,60,ab56f23fa316ad56,ok,ガンのラベル→実際はマガモ,マガモの雌,ok,
c5,BL,image,10,61,77342c4f2ac0f91b,ok,カモのラベル→実際はハクチョウ,コブハクチョウ4羽。中央右の奥に小さな鳥影（データのガン/ハクチョウの青枠）があるが種は決めきれない,ok,
c5,BL,image,10,62,a292025d2530ca80,ok,カモのラベル→実際はコクチョウ,右端に灰色のひなも写る,ok,
c5,BL,image,10,63,64e48b07e9a2add5,ok,カモのラベル→実際はカナダガン,,ok,
c5,BL,image,10,64,895dbfa06f80d04b,ok,カモのラベル→実際はコクチョウ,,ok,
c5,BL,image,10,65,679a5e597d44671f,ok,カモのラベル→実際はカナダガン,,ok,
c5,BL,image,10,66,54b37811bb5e40ad,ok,カモのラベル→実際はカナダガン,カナダガン2羽,ok,
c5,BL,image,10,67,e8fbe13cc8504f51,ok,カモのラベル→実際はカナダガン,カナダガン2羽,ok,
c5,BL,image,10,68,33ae590a0d97b084,ok,カモのラベル→実際はカナダガン,カナダガン2羽,ok,
c5,BL,image,10,69,a5536024ebd69580,ok,カモのラベル→実際はコクチョウ,灰褐色の若いコクチョウ（赤い嘴）,ok,
c5,BL,image,10,70,aca6645d590aa23f,ok,カモのラベル→実際はガン,家禽型のハイイロガン3羽,ok,
c5,BL,image,10,71,e6f42985d808d61b,ok,カモのラベル→実際はコクチョウ,コクチョウ2羽,ok,
c5,BL,image,10,72,c30fbf9fe5fd93df,ok,ハクチョウのラベル→実際はハクガン,飛ぶハクガン類2羽（スライドの図には1羽）,ok,
c5,BL,image,11,73,818e6f19db055919,ok,判断が分かれる：羽づくろい,#21と同じ写真。ツクシガモ類で決めきれない,ok,
c5,BL,image,11,74,3eaf885ee61c3999,wrong,判断が分かれる：カモの群れ,カモの群れとだけ書くが、右下の岸寄りにコブハクチョウ（ラベルの種）が1羽はっきり写る。カモとハクチョウの2種が写り、言い切れないわけではない,wrong,見落とし: カモの群れの右下にコブハクチョウ（ラベルの種）がはっきり写る。カモの群れとだけ・決められないとする説明は写真と違う
c5,BL,image,11,75,e9b707f0234531df,ok,判断が分かれる：水鳥の群れ,アカハシリュウキュウガモ（リュウキュウガモ類）の群れに見える。カモ寄りだがガンに近い仲間で決めきれない,ok,
c5,BL,image,11,76,cf5d6bc1ade7ff18,ok,判断が分かれる：頭の大写し,#22と同じ写真。決めきれない,ok,
c5,BL,image,11,77,64333d483e03c680,ok,判断が分かれる：白黒の水鳥,#23と同じ写真。決めきれない,ok,
c5,BL,slide,3,,,unknown,誤り51枚のうち、ラベルどおりの鳥をモデルが取り違えたのは13枚だけ,表示のモデルの誤り3枚はラベルの鳥（ガン・コクチョウ）が写る。13枚という数は写真から確かめられない,unknown,
c5,BL,slide,3,,,unknown,残り38枚はラベルか評価用データの側の問題,表示の8枚は合う。数は確かめられない,unknown,
c5,BL,slide,4,,,ok,モデルの誤り13枚のうち10枚はコクチョウの取り違え,外した10枚はすべてコクチョウが写る,ok,
c5,BL,slide,4,,,unknown,残る3枚は飛ぶガン、ヒドリガモ類、アカハシハジロ,このスライドに写真がない,unknown,
c5,BL,slide,5,,,unknown,誤り51枚のうち23枚は、写っている鳥がデータのラベルと違う,表示の8枚はラベルと違う鳥が写る。23枚という数は確かめられない,unknown,
c5,BL,slide,5,,,unknown,23枚のうち21枚は、モデルの予測が写真に合っている,表示の8枚は予測が写真に合う。数は確かめられない,unknown,
c5,BL,slide,6,,,overclaim,6種にない鳥が写る10枚は、どう予測しても正解にならない,#43 はコサギの後ろにマガモの雄が写り、カモと答えれば写真に合う,overclaim,スライドの主張: 大半の写真には合うが、上の見落とし・誤りのある写真で崩れる（主張全体が写真と違うわけではない）
c5,BL,slide,9,,,ok,ガンのラベルの11枚は、実際にはハクチョウ7枚とカモ4枚,11枚ともガンは見当たらない。#52 の茶色の小さな水鳥（データはガンの枠）はマガモの雌に見えるが決めきれない,ok,
c5,BL,slide,10,,,ok,カモとハクチョウのラベルの12枚は、実際にはガン7枚とハクチョウ5枚,#61 の奥の小さな鳥影は決めきれない,ok,
c5,BL,slide,11,,,overclaim,判断が分かれる5枚は、写真から6種のどれかを言い切れない,#74 はカモの群れと右下のコブハクチョウがはっきり写り、言い切れる。ほかの4枚はツクシガモ類・リュウキュウガモ類・バリケン系・白黒写真で決めきれない面がある,overclaim,スライドの主張: 大半の写真には合うが、上の見落とし・誤りのある写真で崩れる（主張全体が写真と違うわけではない）
c5,OW,image,2,1,a421bd70e3bc83b0,wrong,ガン→ハクチョウ：サギ,サギ（コサギ）だけと書くが、サギの後ろ（左上）にマガモの雄が飛んでいる。6種のうちのカモも写る,wrong,見落とし: 元の写真で、コサギの翼の後ろに雄のマガモ（6種のカモ。黄色いくちばし・橙の脚・白い尾）が飛ぶ。コサギだけ・6種以外の鳥とする説明は写真と違う
c5,OW,image,2,2,6c403fe46bccb17e,ok,ガン→ハクチョウ：ハクチョウ,コブハクチョウ2羽,ok,
c5,OW,image,2,3,ea3604d122a4e6b8,ok,カモ→ガン：カモ,ヒドリガモ類（アメリカヒドリの雄）,ok,
c5,OW,image,2,4,a5536024ebd69580,ok,カモ→ガン：ハクチョウ,灰褐色の若いコクチョウ,ok,
c5,OW,image,2,5,7c5a386015a1cf89,ok,ガン→カモ：カモ,マガモの雄,ok,
c5,OW,image,2,6,cf5d6bc1ade7ff18,ok,ガン→カモ：判別困難,頭部の大写し。バリケン系のカモに見えるが、頭だけでは決めきれない,ok,
c5,OW,image,2,7,62439d385f495f5f,ok,ハクチョウ→ガン：ハクチョウ,コクチョウ,ok,
c5,OW,image,2,8,8c34199588023f39,ok,ハクチョウ→ガン：ハクチョウ,コクチョウ,ok,
c5,OW,image,2,9,77342c4f2ac0f91b,ok,カモ→ハクチョウ：ハクチョウ,コブハクチョウ4羽。中央右の奥に小さな鳥影（データのガン/ハクチョウの青枠）があるが種は決めきれない,ok,
c5,OW,image,2,10,e6f42985d808d61b,ok,カモ→ハクチョウ：ハクチョウ,コクチョウ2羽,ok,
c5,OW,image,2,11,768b6f700c9b6f72,ok,ハクチョウ→カモ：ハクチョウ,羽づくろいするコクチョウ,ok,
c5,OW,image,2,12,498ae254e1ce2c98,ok,ハクチョウ→カモ：オオバン,,ok,
c5,OW,image,3,13,895dbfa06f80d04b,ok,ラベルの誤り：ハクチョウ,芝生の上のコクチョウ（ラベルはカモ）,ok,
c5,OW,image,3,14,fbe34f827ba64b67,ok,ラベルの誤り：ハクチョウ,テレビ画面。コブハクチョウ2羽と灰色の幼鳥1羽,ok,
c5,OW,image,3,15,e9b707f0234531df,ok,ラベルの誤り：カモ,アカハシリュウキュウガモ（リュウキュウガモ類）の群れ。名前はカモで合う（ガンに近い仲間で決めきれない面もある）,ok,
c5,OW,image,3,16,cb6d8783a3617620,ok,6種以外の鳥：バン,バン2羽,ok,
c5,OW,image,3,17,bfdb4c1235db8a5f,ok,6種以外の鳥：オオバン,,ok,
c5,OW,image,3,18,8c9b3a301f8b5d42,ok,モデルの誤り：ガン,飛ぶ4羽のシルエット。ガンの形に合う（シルエットのため種は決めきれない）,ok,
c5,OW,image,3,19,768b6f700c9b6f72,ok,モデルの誤り：ハクチョウ,コクチョウ,ok,
c5,OW,image,3,20,8c34199588023f39,ok,モデルの誤り：ハクチョウ,コクチョウ,ok,
c5,OW,image,3,21,818e6f19db055919,ok,判別が難しい：判別困難,羽づくろいするツクシガモ類（クロアカツクシガモの雄に見える）。決めきれない,ok,
c5,OW,image,3,22,64333d483e03c680,ok,判別が難しい：判別困難,白黒写真のカモらしい鳥2羽と奥のぼけた白い鳥。決めきれない,ok,
c5,OW,image,4,23,cbe005c8b3e5730e,ok,写真はハクチョウ,ハクチョウ3羽,ok,
c5,OW,image,4,24,fbe34f827ba64b67,ok,写真はハクチョウ,テレビ画面のコブハクチョウ2羽と幼鳥,ok,
c5,OW,image,4,25,9856bd4e230ed3d8,ok,写真はハクチョウ,コクチョウが主。左・首の後ろ・右下に茶色の小さな水鳥（データはガンの枠）とハトも写る。茶色の鳥はマガモの雌に見えるが決めきれない,ok,
c5,OW,image,4,26,90988bc54d845592,ok,写真はハクチョウ,コクチョウ,ok,
c5,OW,image,4,27,7c5a386015a1cf89,ok,写真はカモ,マガモの雄,ok,
c5,OW,image,4,28,ab56f23fa316ad56,ok,写真はカモ,マガモの雌,ok,
c5,OW,image,4,29,77bfbbef28ac344c,ok,写真はカモ,オシドリの雄,ok,
c5,OW,image,4,30,63321f1973f5cce9,ok,写真はハクチョウ,コブハクチョウ2羽,ok,
c5,OW,image,4,31,6c403fe46bccb17e,ok,写真はハクチョウ,コブハクチョウ2羽,ok,
c5,OW,image,4,32,65e297831c751675,ok,写真はハクチョウ,白黒写真のコクチョウ,ok,
c5,OW,image,4,33,e9b707f0234531df,ok,写真はカモ,アカハシリュウキュウガモ（リュウキュウガモ類）の群れ。名前はカモで合う,ok,
c5,OW,image,4,34,dd00d4ae604259d9,ok,写真はカモ,マガモ4羽（雌3・雄1）,ok,
c5,OW,image,5,35,2c7cee4d9b67df03,ok,ガンと付いた6種以外の鳥：ハト,飛ぶハト10羽ほど,ok,
c5,OW,image,5,36,19e26aee9ea93c39,ok,ガンと付いた6種以外の鳥：カモメ,ユリカモメの群れ,ok,
c5,OW,image,5,37,a421bd70e3bc83b0,wrong,ガンと付いた6種以外の鳥：サギ,サギ（コサギ）だけと書くが、サギの後ろ（左上）にマガモの雄が飛んでいる。6種のうちのカモも写り、6種以外の鳥だけの写真ではない,wrong,見落とし: 元の写真で、コサギの翼の後ろに雄のマガモ（6種のカモ。黄色いくちばし・橙の脚・白い尾）が飛ぶ。コサギだけ・6種以外の鳥とする説明は写真と違う
c5,OW,image,5,38,cb6d8783a3617620,ok,ガンと付いた6種以外の鳥：バン,バン2羽,ok,
c5,OW,image,5,39,cfae99f4ad4dfd04,ok,ガンと付いた6種以外の鳥：サギ,飛ぶアオサギ類,ok,
c5,OW,image,5,40,79220d3b1f196fcd,ok,ガンと付いた6種以外の鳥：ペリカン,ペリカン2羽,ok,
c5,OW,image,5,41,bfdb4c1235db8a5f,ok,ガンと付いた6種以外の鳥：オオバン,,ok,
c5,OW,image,5,42,c0e238dad14e2833,ok,ガンと付いた6種以外の鳥：タゲリ,正確にはトサカゲリ（タゲリ属の別種）5羽。仲間の名としては合う,ok,
c5,OW,image,5,43,75798b9525b6d72c,ok,カモと付いた6種以外の鳥：カツオドリ,正確にはシロカツオドリ類（カツオドリ科）8羽ほど。仲間の名としては合う,ok,
c5,OW,image,5,44,498ae254e1ce2c98,ok,ハクチョウと付いた6種以外の鳥：オオバン,,ok,
c5,OW,image,6,45,eb1b1ae30dfe0859,ok,外れ 黒いハクチョウ,コクチョウ2羽。上部の奥にデータのカモの小さな枠が4つあるが小さく決めきれず、矛盾はしない,ok,
c5,OW,image,6,46,62439d385f495f5f,ok,外れ 黒いハクチョウ,コクチョウ,ok,
c5,OW,image,6,47,1cfc18d13e57ce38,ok,外れ 黒いハクチョウ,コクチョウ,ok,
c5,OW,image,6,48,768b6f700c9b6f72,ok,外れ 黒いハクチョウ,コクチョウ,ok,
c5,OW,image,6,49,564baccf777e1ec7,ok,外れ 黒いハクチョウ,コクチョウ,ok,
c5,OW,image,6,50,a0c526719a3f9b0f,ok,外れ 黒いハクチョウ,コクチョウ,ok,
c5,OW,image,6,51,0ea78a8ea4e50ab1,ok,外れ 黒いハクチョウ,コクチョウ,ok,
c5,OW,image,6,52,8c34199588023f39,ok,外れ 黒いハクチョウ,コクチョウ,ok,
c5,OW,image,6,53,8f70ee9ebc91fad6,ok,外れ 黒いハクチョウ,コクチョウ,ok,
c5,OW,image,6,54,e622d2cf834e64dd,ok,外れ 黒いハクチョウ,コクチョウ,ok,
c5,OW,image,9,55,818e6f19db055919,ok,片脚で羽づくろいする1羽（カモともガンとも言い切れない）,ツクシガモ類（クロアカツクシガモの雄に見える）。決めきれない,ok,
c5,OW,image,9,56,cf5d6bc1ade7ff18,ok,頭が茶と黒、首が白い鳥のアップ,説明どおり。バリケン系のカモに見えるが決めきれない,ok,
c5,OW,image,9,57,3eaf885ee61c3999,ok,水面にカモ数十羽と、右下にハクチョウ1羽,カモ約50羽と右下のコブハクチョウ1羽,ok,
c5,OW,image,9,58,64333d483e03c680,ok,白黒写真。手前に暗い色の鳥、奥にぼけた白い鳥,左にもぼけた暗い色の鳥がもう1羽いるが、説明と矛盾しない,ok,
c5,OW,image,10,59,64e48b07e9a2add5,ok,写真はガン,カナダガン,ok,
c5,OW,image,10,60,679a5e597d44671f,ok,写真はガン,カナダガン,ok,
c5,OW,image,10,61,e8fbe13cc8504f51,ok,写真はガン,カナダガン2羽,ok,
c5,OW,image,10,62,33ae590a0d97b084,ok,写真はガン,カナダガン2羽,ok,
c5,OW,image,10,63,aca6645d590aa23f,ok,写真はガン,家禽型のハイイロガン3羽,ok,
c5,OW,image,10,64,54b37811bb5e40ad,ok,写真はガン,カナダガン2羽,ok,
c5,OW,image,10,65,77342c4f2ac0f91b,ok,写真はハクチョウ,コブハクチョウ4羽。奥の小さな鳥影は決めきれない,ok,
c5,OW,image,10,66,a292025d2530ca80,ok,写真はハクチョウ,コクチョウと右端の灰色のひな,ok,
c5,OW,image,10,67,895dbfa06f80d04b,ok,写真はハクチョウ,コクチョウ,ok,
c5,OW,image,10,68,a5536024ebd69580,ok,写真はハクチョウ,灰褐色の若いコクチョウ,ok,
c5,OW,image,10,69,e6f42985d808d61b,ok,写真はハクチョウ,コクチョウ2羽,ok,
c5,OW,image,10,70,ea3604d122a4e6b8,ok,モデルの誤り（カモのラベルが合う）,ヒドリガモ類（アメリカヒドリの雄）,ok,
c5,OW,image,10,71,d21534a1cca6ec2d,ok,モデルの誤り（カモのラベルが合う）,手前は赤い嘴のハジロ類のカモの雄。奥にぼけた茶色の鳥（データはカモの枠とガンの青枠）がいるが種は決めきれない,ok,
c5,OW,image,10,72,75798b9525b6d72c,ok,6種以外,シロカツオドリ類,ok,
c5,OW,slide,3,,,unknown,誤り51枚のうちモデルの誤りは13枚で、34枚は写真とラベルが合わない,表示の10枚は各群の説明に合う。数は写真から確かめられない,unknown,
c5,OW,slide,4,,,ok,ガンと付いた誤り23枚のうち12枚は、ハクチョウかカモの写真,12枚ともハクチョウ7枚・カモ5枚に合う。#25 の茶色の小さな水鳥は決めきれない,ok,
c5,OW,slide,4,,,unknown,モデルの誤りは、夕暮れに飛ぶ4羽のシルエットのガン1枚だけ,このスライドに写真がない（スライド3の #18 は4羽のシルエットで合う。夕暮れかは決めきれない）,unknown,
c5,OW,slide,4,,,unknown,残り10枚は6種以外の鳥8枚、判別が難しい2枚,このスライドに写真がない（次のスライドの #37 にはマガモも写る）,unknown,
c5,OW,slide,5,,,overclaim,6種以外の鳥10枚のうち、8枚には「ガン」のラベル,#37 はサギの後ろにマガモの雄が写り、6種のカモも写る。ほかの9枚は6種以外の鳥だけ,overclaim,スライドの主張: 大半の写真には合うが、上の見落とし・誤りのある写真で崩れる（主張全体が写真と違うわけではない）
c5,OW,slide,6,,,ok,黒いハクチョウは23枚中10枚を外すが、13枚は当たっている,外れの10枚はすべてコクチョウが写る（当たり13枚は6枚のみ表示で番号なし）,ok,
c5,OW,slide,6,,,unknown,白いハクチョウが主役の写真（灰色の若鳥を含む）8枚は全部当たり,このスライドに写真がない,unknown,
c5,OW,slide,9,,,ok,判別が難しい4枚は、複数の鳥が写るか、種が特定できない写真,#57・#58 は複数の鳥、#55・#56 は種を決めきれない写真で合う,ok,
c5,OW,slide,10,,,ok,カモと付いた誤り14枚のうち11枚は、ガンかハクチョウの写真,ガン6枚・ハクチョウ5枚に合う,ok,
c6,NN,image,4,1,64e48b07e9a2add5,ok,写真がガン／カナダガン／ラベル カモ（ラベルの誤り）,カナダガン1羽。カモはいない,ok,
c6,NN,image,4,2,679a5e597d44671f,ok,写真がガン／カナダガン／ラベル カモ,,ok,
c6,NN,image,4,3,7c5a386015a1cf89,ok,写真がカモ／マガモ／ラベル ガン,マガモの雄1羽,ok,
c6,NN,image,4,4,a292025d2530ca80,ok,写真がハクチョウ／コクチョウ／ラベル カモ,コクチョウ1羽。右端に灰色のひな（コクチョウのひなと見られる）が小さく写るが、カモではない,ok,
c6,NN,image,4,5,cbe005c8b3e5730e,ok,写真がハクチョウ／ハクチョウ／ラベル ガン,白いハクチョウ3羽（うち2羽は褐色の幼鳥）。ガンはいない,ok,
c6,NN,image,4,6,ab56f23fa316ad56,ok,写真がカモ／マガモ／ラベル ガン,マガモの雌1羽,ok,
c6,NN,image,4,7,33ae590a0d97b084,ok,写真がガン／カナダガン／ラベル カモ,カナダガン2羽（1羽は羽ばたき）,ok,
c6,NN,image,4,8,77bfbbef28ac344c,ok,写真がカモ／オシドリ／ラベル ガン,オシドリの雄1羽,ok,
c6,NN,image,4,9,90988bc54d845592,ok,写真がハクチョウ／コクチョウ／ラベル ガン,,ok,
c6,NN,image,4,10,c30fbf9fe5fd93df,ok,写真がガン／ハクガン／ラベル ハクチョウ,翼の先が黒い白いガン2羽が飛ぶ。ハクガンかヒメハクガンかは決めきれない,ok,
c6,NN,image,4,11,dd00d4ae604259d9,ok,写真がカモ／マガモ／ラベル ガン,マガモ4羽（雄1・雌3）,ok,
c6,NN,image,4,12,6c403fe46bccb17e,ok,写真がハクチョウ／ハクチョウ／ラベル ガン,コブハクチョウ2羽が水面を走る,ok,
c6,NN,image,5,13,75798b9525b6d72c,ok,カツオドリ／ラベル カモ（6種のどれでもない鳥）,シロカツオドリ類（カツオドリ科）の群れ。カモはいない,ok,
c6,NN,image,5,14,19e26aee9ea93c39,ok,カモメ／ラベル ガン（6種のどれでもない鳥）,頭の黒いカモメ類の群れ。ガンはいない,ok,
c6,NN,image,5,15,a421bd70e3bc83b0,wrong,コサギ／ラベル ガン（6種のどれでもない鳥）,コサギとだけ書き、6種のどれでもない鳥の写真とするが、コサギの後ろ（左上、翼の陰）にマガモの雄が飛んでいる（黒緑の頭・黄色いくちばし・白い尾・橙の足）。6種のカモが写っている,wrong,見落とし: 元の写真で、コサギの翼の後ろに雄のマガモ（6種のカモ。黄色いくちばし・橙の脚・白い尾）が飛ぶ。コサギだけ・6種以外の鳥とする説明は写真と違う
c6,NN,image,5,16,c0e238dad14e2833,ok,タゲリ類／ラベル ガン,黄色い肉垂のあるトサカゲリ類5羽,ok,
c6,NN,image,5,17,cb6d8783a3617620,ok,バン／ラベル ガン,バン2羽,ok,
c6,NN,image,5,18,cfae99f4ad4dfd04,ok,オオアオサギ／ラベル ガン,大型のサギ1羽が飛ぶ,ok,
c6,NN,image,5,19,79220d3b1f196fcd,ok,ペリカン／ラベル ガン,ペリカン2羽,ok,
c6,NN,image,5,20,bfdb4c1235db8a5f,ok,オオバン／ラベル ガン,,ok,
c6,NN,image,5,21,498ae254e1ce2c98,ok,オオバン／ラベル ハクチョウ,,ok,
c6,NN,image,6,22,895dbfa06f80d04b,ok,コクチョウ（モデルの誤り）／予測 ガン,,ok,
c6,NN,image,6,23,a5536024ebd69580,ok,コクチョウ／予測 ガン,,ok,
c6,NN,image,6,24,eb1b1ae30dfe0859,ok,コクチョウ／予測 ガン,コクチョウ2羽。奥の岸辺にカモの枠が小さくあるが、遠すぎて決めきれない,ok,
c6,NN,image,6,25,62439d385f495f5f,ok,コクチョウ／予測 ガン,,ok,
c6,NN,image,6,26,1cfc18d13e57ce38,ok,コクチョウ／予測 ガン,,ok,
c6,NN,image,6,27,768b6f700c9b6f72,ok,コクチョウ／予測 カモ,,ok,
c6,NN,image,6,28,ea3604d122a4e6b8,ok,ほかの鳥／ヒドリガモ類／予測 ガン,アメリカヒドリの雄と見られる,ok,
c6,NN,image,6,29,d21534a1cca6ec2d,ok,ほかの鳥／ベニバシガモ／予測 ガン,手前はベニバシガモの雄。奥に茶色のカモ類。上端にガンの枠があるが、写真からはガンか決めきれない,ok,
c6,NN,image,6,30,a0c526719a3f9b0f,ok,コクチョウ／予測 ガン,,ok,
c6,NN,image,6,31,8c34199588023f39,ok,コクチョウ／予測 ガン,,ok,
c6,NN,image,6,32,e622d2cf834e64dd,ok,コクチョウ／予測 ガン,,ok,
c6,NN,image,6,33,564baccf777e1ec7,ok,コクチョウ／予測 ガン,,ok,
c6,NN,image,6,34,0ea78a8ea4e50ab1,ok,コクチョウ／予測 ガン,,ok,
c6,NN,image,6,35,8f70ee9ebc91fad6,ok,コクチョウ／予測 ガン,,ok,
c6,NN,image,6,36,8c9b3a301f8b5d42,ok,ほかの鳥／ガンの影／予測 ハクチョウ,逆光で影になった4羽が飛ぶ。ガンの形と矛盾しない,ok,
c6,NN,image,8,37,a5536024ebd69580,ok,コクチョウ→ガン・カモ／予測 ガン,,ok,
c6,NN,image,8,38,eb1b1ae30dfe0859,ok,コクチョウ→ガン・カモ／予測 ガン,#24と同じ写真。奥のカモは遠すぎて決めきれない,ok,
c6,NN,image,8,39,1cfc18d13e57ce38,ok,コクチョウ→ガン・カモ／予測 ガン,,ok,
c6,NN,image,8,40,a0c526719a3f9b0f,ok,コクチョウ→ガン・カモ／予測 ガン,,ok,
c6,NN,image,8,41,77342c4f2ac0f91b,ok,白いハクチョウ→ハクチョウ,白いハクチョウ4羽。奥の小さな枠の物は決めきれない,ok,
c6,NN,image,8,42,fbe34f827ba64b67,ok,白いハクチョウ→ハクチョウ,テレビ画面のコブハクチョウ3羽,ok,
c6,NN,image,8,43,6c403fe46bccb17e,ok,白いハクチョウ→ハクチョウ,,ok,
c6,NN,image,8,44,8c34199588023f39,ok,コクチョウ→ガン・カモ／予測 ガン,,ok,
c6,NN,image,8,45,e622d2cf834e64dd,ok,コクチョウ→ガン・カモ／予測 ガン,,ok,
c6,NN,image,10,46,64e48b07e9a2add5,ok,カモ→ガン（ラベルの誤り）／カナダガン,,ok,
c6,NN,image,10,47,54b37811bb5e40ad,ok,カモ→ガン／カナダガン,カナダガン3羽,ok,
c6,NN,image,10,48,679a5e597d44671f,ok,カモ→ガン／カナダガン,,ok,
c6,NN,image,10,49,e8fbe13cc8504f51,ok,カモ→ガン／カナダガン,カナダガン2羽,ok,
c6,NN,image,10,50,33ae590a0d97b084,ok,カモ→ガン／カナダガン,カナダガン2羽,ok,
c6,NN,image,10,51,aca6645d590aa23f,ok,カモ→ガン／ハイイロガン,ハイイロガン（家禽型）3羽,ok,
c6,NN,image,10,52,7c5a386015a1cf89,ok,ガン→カモ／マガモ,,ok,
c6,NN,image,10,53,818e6f19db055919,ok,ガン→カモ／ツクシガモ類,くいの上で羽づくろいするツクシガモ類のカモ,ok,
c6,NN,image,10,54,ab56f23fa316ad56,ok,ガン→カモ／マガモ,,ok,
c6,NN,image,10,55,77bfbbef28ac344c,ok,ガン→カモ／オシドリ,,ok,
c6,NN,image,10,56,e9b707f0234531df,ok,ガン→カモ／カモの群れ,リュウキュウガモ類（アカハシリュウキュウガモと見られる）の群れ。ガンはいない,ok,
c6,NN,image,10,57,dd00d4ae604259d9,ok,ガン→カモ／マガモ,,ok,
c6,NN,image,10,58,c30fbf9fe5fd93df,ok,ハクチョウ→ガン／ハクガン,#10と同じ写真。ハクガンかヒメハクガンかは決めきれない,ok,
c6,NN,image,11,59,cbe005c8b3e5730e,ok,ガン→ハクチョウ（ラベルの誤り）／ハクチョウ,,ok,
c6,NN,image,11,60,fbe34f827ba64b67,ok,ガン→ハクチョウ／ハクチョウ,,ok,
c6,NN,image,11,61,9856bd4e230ed3d8,wrong,ガン→ハクチョウ（ラベルの誤り）／コクチョウ,コクチョウとだけ書くが、右下の手前にカモ（マガモの雌と見られる、橙の足）、左の柵ぎわと首の後ろにも小さくカモが写る（ほかにハト）。データではこれらにガンの枠。ガンはいないのでラベルの誤りは合う,wrong,見落とし: コクチョウのほかに、マガモの雄1羽と雌3羽以上（右下手前は大きい）とハトが写る。ハクチョウだけの写真として扱う説明は写真と違う（ガンは写らないので、ラベルの誤りという判断は合う）
c6,NN,image,11,62,90988bc54d845592,ok,ガン→ハクチョウ／コクチョウ,,ok,
c6,NN,image,11,63,63321f1973f5cce9,ok,ガン→ハクチョウ／ハクチョウ,コブハクチョウ2羽,ok,
c6,NN,image,11,64,6c403fe46bccb17e,ok,ガン→ハクチョウ／ハクチョウ,,ok,
c6,NN,image,11,65,65e297831c751675,ok,ガン→ハクチョウ／コクチョウ,,ok,
c6,NN,image,11,66,a292025d2530ca80,ok,カモ→ハクチョウ／コクチョウ,#4と同じ写真。右端のひなはカモではない,ok,
c6,NN,image,11,67,e6f42985d808d61b,ok,カモ→ハクチョウ／コクチョウ,コクチョウ2羽,ok,
c6,NN,slide,4,,,ok,23枚はラベルのほうが誤りで、写っているのは予測どおりの鳥だ,表示の12枚はどれもラベルの種がおらず予測の種が写る（23枚という数は確かめられない）,ok,
c6,NN,slide,4,,,ok,モデルの予測は写真どおり,,ok,
c6,NN,slide,5,,,overclaim,10枚はサギやオオバンなど、6種のどれでもない鳥の写真だ,#15 はコサギの後ろにマガモの雄が飛んでいて、6種のカモが写る。ほかの表示分は合う,overclaim,スライドの主張: 大半の写真には合うが、上の見落とし・誤りのある写真で崩れる（主張全体が写真と違うわけではない）
c6,NN,slide,6,,,ok,モデルが誤った15枚のうち12枚は、黒いハクチョウ（コクチョウ）だ,12枚ともコクチョウ,ok,
c6,NN,slide,8,,,ok,コクチョウは34枚中16枚がガンかカモと判定され、白は13枚すべて正しい（群の写真がコクチョウ／白いハクチョウ）,表示の写真は群の見出しと合う（枚数は確かめられない）,ok,
c6,NN,slide,10,,,ok,ラベルの誤りのうち13枚は、写真がガンかカモだ,13枚ともガンかカモで、ラベルの種は写っていない,ok,
c6,NN,slide,11,,,overclaim,ラベルの誤りのうち10枚は、写真がハクチョウかコクチョウだ,#61 はコクチョウのほかに手前右下などにカモも写る。ガンはいないのでラベルの誤りは合う,overclaim,スライドの主張: 大半の写真には合うが、上の見落とし・誤りのある写真で崩れる（主張全体が写真と違うわけではない）
c6,BL,image,2,1,ea3604d122a4e6b8,none,表の位置（ラベル×予測: カモ×ガン）だけで、中身の説明なし,,none,
c6,BL,image,2,2,a5536024ebd69580,none,表の位置（ラベル×予測: カモ×ガン）だけで、中身の説明なし,,none,
c6,BL,image,2,3,77342c4f2ac0f91b,none,表の位置（ラベル×予測: カモ×ハクチョウ）だけで、中身の説明なし,,none,
c6,BL,image,2,4,e6f42985d808d61b,none,表の位置（ラベル×予測: カモ×ハクチョウ）だけで、中身の説明なし,,none,
c6,BL,image,2,5,7c5a386015a1cf89,none,表の位置（ラベル×予測: ガン×カモ）だけで、中身の説明なし,,none,
c6,BL,image,2,6,cf5d6bc1ade7ff18,none,表の位置（ラベル×予測: ガン×カモ）だけで、中身の説明なし,,none,
c6,BL,image,2,7,a421bd70e3bc83b0,none,表の位置（ラベル×予測: ガン×ハクチョウ）だけで、中身の説明なし,,none,
c6,BL,image,2,8,6c403fe46bccb17e,none,表の位置（ラベル×予測: ガン×ハクチョウ）だけで、中身の説明なし,,none,
c6,BL,image,2,9,768b6f700c9b6f72,none,表の位置（ラベル×予測: ハクチョウ×カモ）だけで、中身の説明なし,,none,
c6,BL,image,2,10,498ae254e1ce2c98,none,表の位置（ラベル×予測: ハクチョウ×カモ）だけで、中身の説明なし,,none,
c6,BL,image,2,11,62439d385f495f5f,none,表の位置（ラベル×予測: ハクチョウ×ガン）だけで、中身の説明なし,,none,
c6,BL,image,2,12,8c34199588023f39,none,表の位置（ラベル×予測: ハクチョウ×ガン）だけで、中身の説明なし,,none,
c6,BL,image,3,13,8c9b3a301f8b5d42,ok,モデルの誤り／飛ぶガン,逆光の影4羽。ガンの形と矛盾しない,ok,
c6,BL,image,3,14,768b6f700c9b6f72,ok,モデルの誤り／コクチョウ,,ok,
c6,BL,image,3,15,8c34199588023f39,ok,モデルの誤り／コクチョウ,,ok,
c6,BL,image,3,16,54b37811bb5e40ad,ok,ラベルの誤り（ラベル カモ）／カナダガン,カナダガン3羽。カモはいない,ok,
c6,BL,image,3,17,cbe005c8b3e5730e,ok,ラベルの誤り（ラベル ガン）／ハクチョウ,白いハクチョウ3羽（2羽は幼鳥）,ok,
c6,BL,image,3,18,77bfbbef28ac344c,ok,ラベルの誤り（ラベル ガン）／オシドリ,,ok,
c6,BL,image,3,19,cb6d8783a3617620,ok,6種以外の鳥／バン,バン2羽,ok,
c6,BL,image,3,20,bfdb4c1235db8a5f,ok,6種以外の鳥／オオバン,,ok,
c6,BL,image,3,21,818e6f19db055919,ok,判断が分かれる／羽づくろい,くいの上で羽づくろいするツクシガモ類。ガンかカモかで迷いうる姿で、判断が分かれるとするのは矛盾しない,ok,
c6,BL,image,3,22,cf5d6bc1ade7ff18,ok,判断が分かれる／頭の大写し,頭だけの大写し。くちばしの形と目先の赤い皮膚からバリケン類（カモ）と見られるが、言い切れないとするのは写真と矛盾しない,ok,
c6,BL,image,3,23,64333d483e03c680,ok,判断が分かれる／白黒の水鳥,白黒写真。手前のぼけた鳥と奥の鳥はカモの形。右奥に白い鳥がぼけて写り、種は決めきれない,ok,
c6,BL,image,4,24,eb1b1ae30dfe0859,ok,外したコクチョウ／予測 ガン 0.55,コクチョウ2羽。奥の岸辺にカモの枠が小さくあるが、遠すぎて決めきれない,ok,
c6,BL,image,4,25,62439d385f495f5f,ok,外したコクチョウ／予測 ガン 0.50,,ok,
c6,BL,image,4,26,1cfc18d13e57ce38,ok,外したコクチョウ／予測 ガン 0.43,,ok,
c6,BL,image,4,27,768b6f700c9b6f72,ok,外したコクチョウ／予測 カモ 0.43,,ok,
c6,BL,image,4,28,564baccf777e1ec7,ok,外したコクチョウ／予測 ガン 0.56,,ok,
c6,BL,image,4,29,a0c526719a3f9b0f,ok,外したコクチョウ／予測 ガン 0.54,,ok,
c6,BL,image,4,30,0ea78a8ea4e50ab1,ok,外したコクチョウ／予測 ガン 0.62,,ok,
c6,BL,image,4,31,8c34199588023f39,ok,外したコクチョウ／予測 ガン 0.42,,ok,
c6,BL,image,4,32,8f70ee9ebc91fad6,ok,外したコクチョウ／予測 ガン 0.56,,ok,
c6,BL,image,4,33,e622d2cf834e64dd,ok,外したコクチョウ／予測 ガン 0.60,,ok,
c6,BL,image,5,34,cbe005c8b3e5730e,ok,ガン→ハクチョウ（実際に写っている鳥）／ハクチョウ,白いハクチョウ3羽,ok,
c6,BL,image,5,35,9856bd4e230ed3d8,wrong,ガン→ハクチョウ（実際に写っている鳥）／コクチョウ,コクチョウとだけ書くが、右下の手前にカモ（マガモの雌と見られる、橙の足）、左の柵ぎわと首の後ろにも小さくカモが写る（ほかにハト）。ガンはいないのでラベルが違うことは合う,wrong,見落とし: コクチョウのほかに、マガモの雄1羽と雌3羽以上（右下手前は大きい）とハトが写る。ハクチョウだけの写真として扱う説明は写真と違う（ガンは写らないので、ラベルの誤りという判断は合う）
c6,BL,image,5,36,63321f1973f5cce9,ok,ガン→ハクチョウ／ハクチョウ,コブハクチョウ2羽,ok,
c6,BL,image,5,37,65e297831c751675,ok,ガン→ハクチョウ／コクチョウ,,ok,
c6,BL,image,5,38,64e48b07e9a2add5,ok,カモ→ガン（実際に写っている鳥）／カナダガン,,ok,
c6,BL,image,5,39,679a5e597d44671f,ok,カモ→ガン／カナダガン,,ok,
c6,BL,image,5,40,e8fbe13cc8504f51,ok,カモ→ガン／カナダガン,カナダガン2羽,ok,
c6,BL,image,5,41,aca6645d590aa23f,ok,カモ→ガン／ガン,ハイイロガン（家禽型）3羽,ok,
c6,BL,image,6,42,75798b9525b6d72c,ok,6種にない鳥が写る（どう予測しても正解にならない）／シロカツオドリ類,,ok,
c6,BL,image,6,43,a421bd70e3bc83b0,wrong,6種にない鳥が写る（どう予測しても正解にならない）／コサギ,コサギとだけ書くが、コサギの後ろ（左上、翼の陰）にマガモの雄が飛んでいる（黒緑の頭・黄色いくちばし・白い尾・橙の足）。6種のカモが写っており、カモと予測すれば正解になりうる,wrong,見落とし: 元の写真で、コサギの翼の後ろに雄のマガモ（6種のカモ。黄色いくちばし・橙の脚・白い尾）が飛ぶ。コサギだけ・6種以外の鳥とする説明は写真と違う
c6,BL,image,6,44,c0e238dad14e2833,ok,6種にない鳥／トサカゲリ,黄色い肉垂のあるトサカゲリ類5羽,ok,
c6,BL,image,6,45,cb6d8783a3617620,ok,6種にない鳥／バン,,ok,
c6,BL,image,6,46,cfae99f4ad4dfd04,ok,6種にない鳥／アオサギ類,,ok,
c6,BL,image,6,47,79220d3b1f196fcd,ok,6種にない鳥／ペリカン,,ok,
c6,BL,image,6,48,bfdb4c1235db8a5f,ok,6種にない鳥／オオバン,,ok,
c6,BL,image,6,49,498ae254e1ce2c98,ok,6種にない鳥／オオバン類,,ok,
c6,BL,image,9,50,cbe005c8b3e5730e,ok,ガンのラベル、実際に写っている鳥／ハクチョウ,白いハクチョウ3羽,ok,
c6,BL,image,9,51,fbe34f827ba64b67,ok,ガンのラベル、実際／ハクチョウ,テレビ画面のコブハクチョウ3羽,ok,
c6,BL,image,9,52,9856bd4e230ed3d8,wrong,ガンのラベル、実際／コクチョウ,#35と同じ写真。コクチョウとだけ書くが、右下の手前にカモ（マガモの雌と見られる）、左の柵ぎわと首の後ろにも小さくカモが写る。ガンはいない,wrong,見落とし: コクチョウのほかに、マガモの雄1羽と雌3羽以上（右下手前は大きい）とハトが写る。ハクチョウだけの写真として扱う説明は写真と違う（ガンは写らないので、ラベルの誤りという判断は合う）
c6,BL,image,9,53,90988bc54d845592,ok,ガンのラベル、実際／コクチョウ,,ok,
c6,BL,image,9,54,63321f1973f5cce9,ok,ガンのラベル、実際／ハクチョウ,コブハクチョウ2羽,ok,
c6,BL,image,9,55,7c5a386015a1cf89,ok,ガンのラベル、実際／マガモ,,ok,
c6,BL,image,9,56,6c403fe46bccb17e,ok,ガンのラベル、実際／ハクチョウ,,ok,
c6,BL,image,9,57,77bfbbef28ac344c,ok,ガンのラベル、実際／オシドリ,,ok,
c6,BL,image,9,58,65e297831c751675,ok,ガンのラベル、実際／コクチョウ,,ok,
c6,BL,image,9,59,dd00d4ae604259d9,ok,ガンのラベル、実際／マガモ,マガモ4羽,ok,
c6,BL,image,9,60,ab56f23fa316ad56,ok,ガンのラベル、実際／マガモ,,ok,
c6,BL,image,10,61,77342c4f2ac0f91b,ok,カモのラベル、実際に写っている鳥／ハクチョウ,白いハクチョウ4羽。奥の小さな枠の物は決めきれない,ok,
c6,BL,image,10,62,a292025d2530ca80,ok,カモのラベル、実際／コクチョウ,右端のひなはコクチョウのひなと見られ、カモではない,ok,
c6,BL,image,10,63,64e48b07e9a2add5,ok,カモのラベル、実際／カナダガン,,ok,
c6,BL,image,10,64,895dbfa06f80d04b,ok,カモのラベル、実際／コクチョウ,,ok,
c6,BL,image,10,65,679a5e597d44671f,ok,カモのラベル、実際／カナダガン,,ok,
c6,BL,image,10,66,54b37811bb5e40ad,ok,カモのラベル、実際／カナダガン,カナダガン3羽,ok,
c6,BL,image,10,67,e8fbe13cc8504f51,ok,カモのラベル、実際／カナダガン,カナダガン2羽,ok,
c6,BL,image,10,68,33ae590a0d97b084,ok,カモのラベル、実際／カナダガン,カナダガン2羽,ok,
c6,BL,image,10,69,a5536024ebd69580,ok,カモのラベル、実際／コクチョウ,,ok,
c6,BL,image,10,70,aca6645d590aa23f,ok,カモのラベル、実際／ガン,ハイイロガン（家禽型）3羽,ok,
c6,BL,image,10,71,e6f42985d808d61b,ok,カモのラベル、実際／コクチョウ,コクチョウ2羽,ok,
c6,BL,image,10,72,c30fbf9fe5fd93df,ok,ハクチョウのラベル、実際／ハクガン,白いガン2羽が飛ぶ。ハクガンかヒメハクガンかは決めきれない,ok,
c6,BL,image,11,73,818e6f19db055919,ok,判断が分かれる（6種のどれか言い切れない）／羽づくろい,#21と同じ写真。ツクシガモ類,ok,
c6,BL,image,11,74,3eaf885ee61c3999,wrong,判断が分かれる／カモの群れ,カモの群れとだけ書くが、右下の岸ぎわにコブハクチョウ（ラベルの種）が1羽大きく写る,wrong,見落とし: カモの群れの右下にコブハクチョウ（ラベルの種）がはっきり写る。カモの群れとだけ・決められないとする説明は写真と違う
c6,BL,image,11,75,e9b707f0234531df,ok,判断が分かれる／水鳥の群れ,リュウキュウガモ類（アカハシリュウキュウガモと見られる）の群れ。ガンかカモかで迷いうる,ok,
c6,BL,image,11,76,cf5d6bc1ade7ff18,ok,判断が分かれる／頭の大写し,#22と同じ写真。バリケン類（カモ）と見られるが、言い切れないとするのは矛盾しない,ok,
c6,BL,image,11,77,64333d483e03c680,ok,判断が分かれる／白黒の水鳥,#23と同じ写真。カモの形の鳥と、右奥にぼけた白い鳥,ok,
c6,BL,slide,3,,,ok,誤り51枚のうち、ラベルどおりの鳥をモデルが取り違えたのは13枚だけだ,表示の「モデルの誤り」3枚はラベルどおりの鳥が写る（13枚という数は確かめられない）,ok,
c6,BL,slide,3,,,ok,残り38枚はラベルか評価用データの側の問題だ（ラベルの誤り・6種以外の鳥・判断が分かれる）,表示分は群の見出しと合う,ok,
c6,BL,slide,4,,,ok,モデルの誤り13枚のうち10枚は、コクチョウの取り違えだ,10枚ともコクチョウ,ok,
c6,BL,slide,4,,,unknown,残る3枚は飛ぶガン、ヒドリガモ類、アカハシハジロ,このスライドに写真がなく、アカハシハジロの写真はデッキの図にもないため確かめられない,unknown,
c6,BL,slide,5,,,ok,誤り51枚のうち23枚は、写っている鳥がデータのラベルと違う,表示の8枚はどれもラベルの種がいない（数は確かめられない）,ok,
c6,BL,slide,5,,,ok,23枚のうち21枚は、モデルの予測が写真に合っている,表示の8枚は予測の種が写る（数は確かめられない）,ok,
c6,BL,slide,6,,,overclaim,6種にない鳥が写る10枚は、どう予測しても正解にならない,#43 はコサギの後ろにマガモの雄が飛んでいて、カモなら正解になりうる。ほかの表示分は合う,overclaim,スライドの主張: 大半の写真には合うが、上の見落とし・誤りのある写真で崩れる（主張全体が写真と違うわけではない）
c6,BL,slide,9,,,overclaim,ガンのラベルの11枚は、実際にはハクチョウ7枚とカモ4枚だ,#52 はコクチョウのほかに手前右下などにカモも写り、ハクチョウだけの写真ではない。ガンがいないことは合う,overclaim,スライドの主張: 大半の写真には合うが、上の見落とし・誤りのある写真で崩れる（主張全体が写真と違うわけではない）
c6,BL,slide,10,,,ok,カモとハクチョウのラベルの12枚は、実際にはガン7枚とハクチョウ5枚だ,ガン7枚・ハクチョウ5枚で合う,ok,
c6,BL,slide,11,,,ok,判断が分かれる5枚は、写真から6種のどれかを言い切れない,#74 はカモとハクチョウの両方が写り、ほかもツクシガモ類・リュウキュウガモ類・頭だけの大写し・白黒で、言い切れないとするのは矛盾しない（#76 はカモと見てよい程度）,ok,
c7,NN,image,4,1,64e48b07e9a2add5,ok,写真がガン: カナダガン（ラベル カモ）,,ok,
c7,NN,image,4,2,679a5e597d44671f,ok,写真がガン: カナダガン（ラベル カモ）,,ok,
c7,NN,image,4,3,7c5a386015a1cf89,ok,写真がカモ: マガモ（ラベル ガン）,,ok,
c7,NN,image,4,4,a292025d2530ca80,ok,写真がハクチョウ: コクチョウ（ラベル カモ）,コクチョウ1羽。右端に灰色のひな（コクチョウのひなに見える）が一部写る。カモは見当たらない,ok,
c7,NN,image,4,5,cbe005c8b3e5730e,ok,写真がハクチョウ: ハクチョウ（ラベル ガン）,ハクチョウ3羽（うち2羽は若鳥）。ガンはいない,ok,
c7,NN,image,4,6,ab56f23fa316ad56,ok,写真がカモ: マガモ（ラベル ガン）,マガモのメス,ok,
c7,NN,image,4,7,33ae590a0d97b084,ok,写真がガン: カナダガン（ラベル カモ）,カナダガン2羽,ok,
c7,NN,image,4,8,77bfbbef28ac344c,ok,写真がカモ: オシドリ（ラベル ガン）,,ok,
c7,NN,image,4,9,90988bc54d845592,ok,写真がハクチョウ: コクチョウ（ラベル ガン）,,ok,
c7,NN,image,4,10,c30fbf9fe5fd93df,ok,写真がガン: ハクガン（ラベル ハクチョウ）,白い体で風切りが黒いガン2羽が飛ぶ。ハクチョウはいない,ok,
c7,NN,image,4,11,dd00d4ae604259d9,ok,写真がカモ: マガモ（ラベル ガン）,マガモ4羽（メス3・オス1）。ガンはいない,ok,
c7,NN,image,4,12,6c403fe46bccb17e,ok,写真がハクチョウ: ハクチョウ（ラベル ガン）,コブハクチョウ2羽,ok,
c7,NN,image,5,13,75798b9525b6d72c,ok,6種のどれでもない鳥: カツオドリ（ラベル カモ）,シロカツオドリの仲間の群れ。名前は大まかだが、カモなど6種の鳥はいない,ok,
c7,NN,image,5,14,19e26aee9ea93c39,ok,6種のどれでもない鳥: カモメ（ラベル ガン）,頭の黒いカモメの群れ,ok,
c7,NN,image,5,15,a421bd70e3bc83b0,wrong,6種のどれでもない鳥: コサギ（ラベル ガン）,コサギの左上の奥に、オスのマガモ（緑黒の頭・黄色いくちばし・白い尾・橙色の脚）が羽を広げて飛んでいる。6種の1つのカモが写っており、コサギだけの写真ではない,wrong,見落とし: 元の写真で、コサギの翼の後ろに雄のマガモ（6種のカモ。黄色いくちばし・橙の脚・白い尾）が飛ぶ。コサギだけ・6種以外の鳥とする説明は写真と違う
c7,NN,image,5,16,c0e238dad14e2833,ok,6種のどれでもない鳥: タゲリ類（ラベル ガン）,ズグロトサカゲリ5羽,ok,
c7,NN,image,5,17,cb6d8783a3617620,ok,6種のどれでもない鳥: バン（ラベル ガン）,バン2羽,ok,
c7,NN,image,5,18,cfae99f4ad4dfd04,ok,6種のどれでもない鳥: オオアオサギ（ラベル ガン）,飛ぶサギ1羽。首が褐色でオオアオサギに合う,ok,
c7,NN,image,5,19,79220d3b1f196fcd,ok,6種のどれでもない鳥: ペリカン（ラベル ガン）,ペリカン2羽,ok,
c7,NN,image,5,20,bfdb4c1235db8a5f,ok,6種のどれでもない鳥: オオバン（ラベル ガン）,,ok,
c7,NN,image,5,21,498ae254e1ce2c98,ok,6種のどれでもない鳥: オオバン（ラベル ハクチョウ）,,ok,
c7,NN,image,6,22,895dbfa06f80d04b,ok,コクチョウ（予測 ガン）,,ok,
c7,NN,image,6,23,a5536024ebd69580,ok,コクチョウ（予測 ガン）,,ok,
c7,NN,image,6,24,eb1b1ae30dfe0859,ok,コクチョウ（予測 ガン）,コクチョウ2羽。上の奥と左端にごく小さな水鳥らしきもの（データはカモの青枠）があるが、小さく決めきれない,ok,
c7,NN,image,6,25,62439d385f495f5f,ok,コクチョウ（予測 ガン）,,ok,
c7,NN,image,6,26,1cfc18d13e57ce38,ok,コクチョウ（予測 ガン）,,ok,
c7,NN,image,6,27,768b6f700c9b6f72,ok,コクチョウ（予測 カモ）,,ok,
c7,NN,image,6,28,ea3604d122a4e6b8,ok,ほかの鳥: ヒドリガモ類（予測 ガン）,アメリカヒドリのオス,ok,
c7,NN,image,6,29,d21534a1cca6ec2d,ok,ほかの鳥: ベニバシガモ（予測 ガン）,手前はベニバシガモのオス。奥に首の長い茶色の鳥（データはカモとガンの枠）が一部写り、カモかガンかは決めきれない,ok,
c7,NN,image,6,30,a0c526719a3f9b0f,ok,コクチョウ（予測 ガン）,,ok,
c7,NN,image,6,31,8c34199588023f39,ok,コクチョウ（予測 ガン）,,ok,
c7,NN,image,6,32,e622d2cf834e64dd,ok,コクチョウ（予測 ガン）,,ok,
c7,NN,image,6,33,564baccf777e1ec7,ok,コクチョウ（予測 ガン）,,ok,
c7,NN,image,6,34,0ea78a8ea4e50ab1,ok,コクチョウ（予測 ガン）,,ok,
c7,NN,image,6,35,8f70ee9ebc91fad6,ok,コクチョウ（予測 ガン）,,ok,
c7,NN,image,6,36,8c9b3a301f8b5d42,ok,ほかの鳥: ガンの影（予測 ハクチョウ）,空を飛ぶ4羽の黒い影。形はガンに合うが、影なので種は決めきれない,ok,
c7,NN,image,8,37,a5536024ebd69580,ok,コクチョウ→ガン・カモ（予測 ガン）,,ok,
c7,NN,image,8,38,eb1b1ae30dfe0859,ok,コクチョウ→ガン・カモ（予測 ガン）,#24 と同じ写真。コクチョウ2羽。奥のごく小さな水鳥らしきものは決めきれない,ok,
c7,NN,image,8,39,1cfc18d13e57ce38,ok,コクチョウ→ガン・カモ（予測 ガン）,,ok,
c7,NN,image,8,40,a0c526719a3f9b0f,ok,コクチョウ→ガン・カモ（予測 ガン）,,ok,
c7,NN,image,8,41,77342c4f2ac0f91b,ok,白いハクチョウ→ハクチョウ,白いハクチョウ4羽。右上の奥にごく小さな物（データの青枠）があるが決めきれない,ok,
c7,NN,image,8,42,fbe34f827ba64b67,ok,白いハクチョウ→ハクチョウ,テレビ画面。白いハクチョウの成鳥2羽と若鳥1羽,ok,
c7,NN,image,8,43,6c403fe46bccb17e,ok,白いハクチョウ→ハクチョウ,コブハクチョウ2羽,ok,
c7,NN,image,8,44,8c34199588023f39,ok,コクチョウ→ガン・カモ（予測 ガン）,,ok,
c7,NN,image,8,45,e622d2cf834e64dd,ok,コクチョウ→ガン・カモ（予測 ガン）,,ok,
c7,NN,image,10,46,64e48b07e9a2add5,ok,ラベルの誤り（カモ→ガン）: カナダガン,,ok,
c7,NN,image,10,47,54b37811bb5e40ad,ok,ラベルの誤り（カモ→ガン）: カナダガン,カナダガン2羽,ok,
c7,NN,image,10,48,679a5e597d44671f,ok,ラベルの誤り（カモ→ガン）: カナダガン,,ok,
c7,NN,image,10,49,e8fbe13cc8504f51,ok,ラベルの誤り（カモ→ガン）: カナダガン,カナダガン2羽,ok,
c7,NN,image,10,50,33ae590a0d97b084,ok,ラベルの誤り（カモ→ガン）: カナダガン,カナダガン2羽,ok,
c7,NN,image,10,51,aca6645d590aa23f,ok,ラベルの誤り（カモ→ガン）: ハイイロガン,ハイイロガン（飼われている型）3羽,ok,
c7,NN,image,10,52,7c5a386015a1cf89,ok,ラベルの誤り（ガン→カモ）: マガモ,,ok,
c7,NN,image,10,53,818e6f19db055919,ok,ラベルの誤り（ガン→カモ）: ツクシガモ類,カワリツクシガモのオスに見える,ok,
c7,NN,image,10,54,ab56f23fa316ad56,ok,ラベルの誤り（ガン→カモ）: マガモ,,ok,
c7,NN,image,10,55,77bfbbef28ac344c,ok,ラベルの誤り（ガン→カモ）: オシドリ,,ok,
c7,NN,image,10,56,e9b707f0234531df,ok,ラベルの誤り（ガン→カモ）: カモの群れ,アカハシリュウキュウガモの群れ。ガンはいない,ok,
c7,NN,image,10,57,dd00d4ae604259d9,ok,ラベルの誤り（ガン→カモ）: マガモ,マガモ4羽,ok,
c7,NN,image,10,58,c30fbf9fe5fd93df,ok,ラベルの誤り（ハクチョウ→ガン）: ハクガン,#10 と同じ写真,ok,
c7,NN,image,11,59,cbe005c8b3e5730e,ok,ラベルの誤り（ガン→ハクチョウ）: ハクチョウ,ハクチョウ3羽,ok,
c7,NN,image,11,60,fbe34f827ba64b67,ok,ラベルの誤り（ガン→ハクチョウ）: ハクチョウ,#42 と同じ写真,ok,
c7,NN,image,11,61,9856bd4e230ed3d8,wrong,ラベルの誤り（ガン→ハクチョウ）: コクチョウ,コクチョウのほかに、右下の手前に茶色のカモ（メスのマガモに見える）が大きく写り、左の柵の外とコクチョウの首の後ろにも同じ茶色の鳥が小さく立つ（データはこれらにガンの枠）。写っているのはコクチョウだけではない,wrong,見落とし: コクチョウのほかに、マガモの雄1羽と雌3羽以上（右下手前は大きい）とハトが写る。ハクチョウだけの写真として扱う説明は写真と違う（ガンは写らないので、ラベルの誤りという判断は合う）
c7,NN,image,11,62,90988bc54d845592,ok,ラベルの誤り（ガン→ハクチョウ）: コクチョウ,,ok,
c7,NN,image,11,63,63321f1973f5cce9,ok,ラベルの誤り（ガン→ハクチョウ）: ハクチョウ,コブハクチョウ2羽,ok,
c7,NN,image,11,64,6c403fe46bccb17e,ok,ラベルの誤り（ガン→ハクチョウ）: ハクチョウ,コブハクチョウ2羽,ok,
c7,NN,image,11,65,65e297831c751675,ok,ラベルの誤り（ガン→ハクチョウ）: コクチョウ,白黒の写真のコクチョウ1羽,ok,
c7,NN,image,11,66,a292025d2530ca80,ok,ラベルの誤り（カモ→ハクチョウ）: コクチョウ,#4 と同じ写真。右端のひなも含めカモはいない,ok,
c7,NN,image,11,67,e6f42985d808d61b,ok,ラベルの誤り（カモ→ハクチョウ）: コクチョウ,コクチョウ2羽,ok,
c7,NN,slide,4,,,ok,23枚はラベルのほうが誤りで、写っているのは予測どおりの鳥（予測は写真どおり）,表示の12枚はどれもラベルの種が写らず、予測の種が写る。表示していない11枚は確かめていない,ok,
c7,NN,slide,5,,,wrong,10枚はサギやオオバンなど、6種のどれでもない鳥の写真,#15 にはコサギの奥にオスのマガモ（カモ）が飛んでおり、6種の1つが写っている,overclaim,スライドの主張: 大半の写真には合うが、上の見落とし・誤りのある写真で崩れる（主張全体が写真と違うわけではない）
c7,NN,slide,6,,,ok,モデルが誤った15枚のうち12枚はコクチョウ,コクチョウの群の12枚はすべてコクチョウ,ok,
c7,NN,slide,8,,,ok,コクチョウの群と白いハクチョウの群の写真の分け,表示された番号付きの写真は、コクチョウ群がすべてコクチョウ、白の群がすべて白いハクチョウ。枚数と判定の数は確かめていない,ok,
c7,NN,slide,10,,,ok,ラベルの誤りのうち13枚は、写真がガンかカモ,13枚ともガンかカモが写り、ラベルの種は写らない,ok,
c7,NN,slide,11,,,overclaim,ラベルの誤りのうち10枚は、写真がハクチョウかコクチョウ,#61 はコクチョウに加えて茶色のカモ（メスのマガモに見える）が数羽写る。ハクチョウ類は写っているが、ハクチョウ類だけの写真ではない,overclaim,スライドの主張: 大半の写真には合うが、上の見落とし・誤りのある写真で崩れる（主張全体が写真と違うわけではない）
c7,BB,image,2,1,ea3604d122a4e6b8,none,表のマス（正解ラベル→予測: カモ→ガン）のみ,,none,
c7,BB,image,2,2,a5536024ebd69580,none,表のマス（正解ラベル→予測: カモ→ガン）のみ,,none,
c7,BB,image,2,3,77342c4f2ac0f91b,none,表のマス（正解ラベル→予測: カモ→ハクチョウ）のみ,,none,
c7,BB,image,2,4,e6f42985d808d61b,none,表のマス（正解ラベル→予測: カモ→ハクチョウ）のみ,,none,
c7,BB,image,2,5,7c5a386015a1cf89,none,表のマス（正解ラベル→予測: ガン→カモ）のみ,,none,
c7,BB,image,2,6,cf5d6bc1ade7ff18,none,表のマス（正解ラベル→予測: ガン→カモ）のみ,,none,
c7,BB,image,2,7,a421bd70e3bc83b0,none,表のマス（正解ラベル→予測: ガン→ハクチョウ）のみ,,none,
c7,BB,image,2,8,6c403fe46bccb17e,none,表のマス（正解ラベル→予測: ガン→ハクチョウ）のみ,,none,
c7,BB,image,2,9,768b6f700c9b6f72,none,表のマス（正解ラベル→予測: ハクチョウ→カモ）のみ,,none,
c7,BB,image,2,10,498ae254e1ce2c98,none,表のマス（正解ラベル→予測: ハクチョウ→カモ）のみ,,none,
c7,BB,image,2,11,62439d385f495f5f,none,表のマス（正解ラベル→予測: ハクチョウ→ガン）のみ,,none,
c7,BB,image,2,12,8c34199588023f39,none,表のマス（正解ラベル→予測: ハクチョウ→ガン）のみ,,none,
c7,BB,image,4,13,7c5a386015a1cf89,ok,予測どおり・ラベル違い（ガン→カモ）: マガモ,マガモのオス,ok,
c7,BB,image,4,14,ab56f23fa316ad56,ok,予測どおり・ラベル違い（ガン→カモ）: マガモ,マガモのメス,ok,
c7,BB,image,4,15,e9b707f0234531df,ok,予測どおり・ラベル違い（ガン→カモ）: カモ,アカハシリュウキュウガモの群れ。ガンはいない,ok,
c7,BB,image,4,16,dd00d4ae604259d9,ok,予測どおり・ラベル違い（ガン→カモ）: マガモ,マガモ4羽（メス3・オス1）,ok,
c7,BB,image,4,17,54b37811bb5e40ad,ok,予測どおり・ラベル違い（カモ→ガン）: カナダガン,カナダガン2羽,ok,
c7,BB,image,4,18,e8fbe13cc8504f51,ok,予測どおり・ラベル違い（カモ→ガン）: カナダガン,カナダガン2羽,ok,
c7,BB,image,4,19,aca6645d590aa23f,ok,予測どおり・ラベル違い（カモ→ガン）: ハイイロガン,ハイイロガン（飼われている型）3羽,ok,
c7,BB,image,4,20,fbe34f827ba64b67,ok,予測どおり・ラベル違い（ガン→ハクチョウ）: ハクチョウ,テレビ画面。白いハクチョウの成鳥2羽と若鳥1羽,ok,
c7,BB,image,4,21,90988bc54d845592,ok,予測どおり・ラベル違い（ガン→ハクチョウ）: コクチョウ,,ok,
c7,BB,image,4,22,6c403fe46bccb17e,ok,予測どおり・ラベル違い（ガン→ハクチョウ）: ハクチョウ,コブハクチョウ2羽,ok,
c7,BB,image,4,23,a292025d2530ca80,ok,予測どおり・ラベル違い（カモ→ハクチョウ）: コクチョウ,右端に灰色のひな（コクチョウのひなに見える）が一部写る。カモは見当たらない,ok,
c7,BB,image,4,24,64333d483e03c680,ok,予測どおり・ラベル違い（ハクチョウ→カモ）: カモ,白黒の写真。手前にカモ、左にぼけたカモ。右奥に白い鳥がぼけて写るが、ハクチョウかどうかは決めきれない,ok,
c7,BB,image,5,25,2c7cee4d9b67df03,ok,6種のどれでもない鳥: ハト,白や灰色のハトの群れ,ok,
c7,BB,image,5,26,19e26aee9ea93c39,ok,6種のどれでもない鳥: カモメ,頭の黒いカモメの群れ,ok,
c7,BB,image,5,27,a421bd70e3bc83b0,wrong,6種のどれでもない鳥: コサギ,コサギの左上の奥に、オスのマガモ（緑黒の頭・黄色いくちばし・白い尾・橙色の脚）が羽を広げて飛んでいる。6種の1つのカモが写っており、コサギだけの写真ではない,wrong,見落とし: 元の写真で、コサギの翼の後ろに雄のマガモ（6種のカモ。黄色いくちばし・橙の脚・白い尾）が飛ぶ。コサギだけ・6種以外の鳥とする説明は写真と違う
c7,BB,image,5,28,cfae99f4ad4dfd04,ok,6種のどれでもない鳥: オオアオサギ,飛ぶサギ1羽。首が褐色でオオアオサギに合う,ok,
c7,BB,image,5,29,79220d3b1f196fcd,ok,6種のどれでもない鳥: ペリカン,ペリカン2羽,ok,
c7,BB,image,5,30,c0e238dad14e2833,ok,6種のどれでもない鳥: トサカゲリ,ズグロトサカゲリ5羽,ok,
c7,BB,image,5,31,cb6d8783a3617620,ok,6種のどれでもない鳥: バン,バン2羽,ok,
c7,BB,image,5,32,bfdb4c1235db8a5f,ok,6種のどれでもない鳥: オオバン,,ok,
c7,BB,image,5,33,75798b9525b6d72c,ok,6種のどれでもない鳥: カツオドリ,シロカツオドリの仲間の群れ。名前は大まかだが、カモなど6種の鳥はいない,ok,
c7,BB,image,5,34,498ae254e1ce2c98,ok,6種のどれでもない鳥: オオバン,,ok,
c7,BB,image,6,35,eb1b1ae30dfe0859,ok,コクチョウ（ハクチョウ→ガン）,コクチョウ2羽。上の奥と左端にごく小さな水鳥らしきもの（データはカモの青枠）があるが、小さく決めきれない,ok,
c7,BB,image,6,36,62439d385f495f5f,ok,コクチョウ（ハクチョウ→ガン）,,ok,
c7,BB,image,6,37,1cfc18d13e57ce38,ok,コクチョウ（ハクチョウ→ガン）,,ok,
c7,BB,image,6,38,564baccf777e1ec7,ok,コクチョウ（ハクチョウ→ガン）,,ok,
c7,BB,image,6,39,a0c526719a3f9b0f,ok,コクチョウ（ハクチョウ→ガン）,,ok,
c7,BB,image,6,40,0ea78a8ea4e50ab1,ok,コクチョウ（ハクチョウ→ガン）,,ok,
c7,BB,image,6,41,8c34199588023f39,ok,コクチョウ（ハクチョウ→ガン）,,ok,
c7,BB,image,6,42,8f70ee9ebc91fad6,ok,コクチョウ（ハクチョウ→ガン）,,ok,
c7,BB,image,6,43,e622d2cf834e64dd,ok,コクチョウ（ハクチョウ→ガン）,,ok,
c7,BB,image,6,44,ea3604d122a4e6b8,ok,アメリカヒドリ（カモ→ガン）,アメリカヒドリのオス,ok,
c7,BB,image,6,45,895dbfa06f80d04b,ok,コクチョウ（カモ→ガン）,,ok,
c7,BB,image,6,46,a5536024ebd69580,ok,コクチョウ（カモ→ガン）,,ok,
c7,BB,image,6,47,d21534a1cca6ec2d,ok,ベニバシガモ（カモ→ガン）,手前はベニバシガモのオス。奥に首の長い茶色の鳥（データはカモとガンの枠）が一部写り、カモかガンかは決めきれない,ok,
c7,BB,image,6,48,8c9b3a301f8b5d42,ok,ガン（ガン→ハクチョウ）,空を飛ぶ4羽の黒い影。形はガンに合うが、影なので種は決めきれない,ok,
c7,BB,image,6,49,768b6f700c9b6f72,ok,コクチョウ（ハクチョウ→カモ）,,ok,
c7,BB,image,8,50,cbe005c8b3e5730e,ok,ガンと付いたラベル違い（→ハクチョウ）: ハクチョウ,ハクチョウ3羽（うち2羽は若鳥）,ok,
c7,BB,image,8,51,fbe34f827ba64b67,ok,ガンと付いたラベル違い（→ハクチョウ）: ハクチョウ,テレビ画面。白いハクチョウの成鳥2羽と若鳥1羽,ok,
c7,BB,image,8,52,9856bd4e230ed3d8,wrong,ガンと付いたラベル違い（→ハクチョウ）: コクチョウ,コクチョウのほかに、右下の手前に茶色のカモ（メスのマガモに見える）が大きく写り、左の柵の外とコクチョウの首の後ろにも同じ茶色の鳥が小さく立つ（データはこれらにガンの枠）。写っているのはコクチョウだけではない,wrong,見落とし: コクチョウのほかに、マガモの雄1羽と雌3羽以上（右下手前は大きい）とハトが写る。ハクチョウだけの写真として扱う説明は写真と違う（ガンは写らないので、ラベルの誤りという判断は合う）
c7,BB,image,8,53,90988bc54d845592,ok,ガンと付いたラベル違い（→ハクチョウ）: コクチョウ,,ok,
c7,BB,image,8,54,63321f1973f5cce9,ok,ガンと付いたラベル違い（→ハクチョウ）: ハクチョウ,コブハクチョウ2羽,ok,
c7,BB,image,8,55,6c403fe46bccb17e,ok,ガンと付いたラベル違い（→ハクチョウ）: ハクチョウ,コブハクチョウ2羽,ok,
c7,BB,image,8,56,65e297831c751675,ok,ガンと付いたラベル違い（→ハクチョウ）: コクチョウ,白黒の写真のコクチョウ1羽,ok,
c7,BB,image,8,57,7c5a386015a1cf89,ok,ガンと付いたラベル違い（→カモ）: マガモ,マガモのオス,ok,
c7,BB,image,8,58,818e6f19db055919,wrong,ガンと付いたラベル違い（→カモ）: アヒル,写っているのはカワリツクシガモのオス（黒っぽい頭と灰色のくちばし、細かい波模様の灰黒色の体、白い雨覆、栗色の三列風切りと尾の下、黒い脚）で、アヒル（家禽のカモ）ではない。カモの仲間である点は合う,wrong,種名の誤り: 黒っぽい頭・灰色の細かい波模様の体・白い雨覆・栗色の下尾筒の野生のツクシガモ類（クロツクシガモの雄に近い）で、家禽のアヒルではない（カモの仲間という分け方は合う）
c7,BB,image,8,59,ab56f23fa316ad56,ok,ガンと付いたラベル違い（→カモ）: マガモ,マガモのメス,ok,
c7,BB,image,8,60,77bfbbef28ac344c,ok,ガンと付いたラベル違い（→カモ）: オシドリ,,ok,
c7,BB,image,8,61,e9b707f0234531df,ok,ガンと付いたラベル違い（→カモ）: カモ,アカハシリュウキュウガモの群れ。ガンはいない,ok,
c7,BB,image,8,62,cf5d6bc1ade7ff18,ok,ガンと付いたラベル違い（→カモ）: バリケン,くちばしの付け根に桃色の裸出部があり冠羽の立つ、若いバリケンに合う,ok,
c7,BB,image,8,63,dd00d4ae604259d9,ok,ガンと付いたラベル違い（→カモ）: マガモ,マガモ4羽（メス3・オス1）,ok,
c7,BB,image,9,64,64e48b07e9a2add5,ok,ラベル違い・写っている鳥が違う（カモ→ガン）: カナダガン,,ok,
c7,BB,image,9,65,679a5e597d44671f,ok,ラベル違い・写っている鳥が違う（カモ→ガン）: カナダガン,,ok,
c7,BB,image,9,66,33ae590a0d97b084,ok,ラベル違い・写っている鳥が違う（カモ→ガン）: カナダガン,カナダガン2羽,ok,
c7,BB,image,9,67,aca6645d590aa23f,ok,ラベル違い・写っている鳥が違う（カモ→ガン）: ハイイロガン,ハイイロガン（飼われている型）3羽,ok,
c7,BB,image,9,68,54b37811bb5e40ad,ok,ラベル違い・写っている鳥が違う（カモ→ガン）: カナダガン,カナダガン2羽,ok,
c7,BB,image,9,69,e8fbe13cc8504f51,ok,ラベル違い・写っている鳥が違う（カモ→ガン）: カナダガン,カナダガン2羽,ok,
c7,BB,image,9,70,77342c4f2ac0f91b,ok,ラベル違い・写っている鳥が違う（カモ→ハクチョウ）: ハクチョウ,白いハクチョウ4羽。右上の奥にごく小さな物（データの青枠）があるが決めきれない,ok,
c7,BB,image,9,71,a292025d2530ca80,ok,ラベル違い・写っている鳥が違う（カモ→ハクチョウ）: コクチョウ,右端に灰色のひな（コクチョウのひなに見える）が一部写る。カモは見当たらない,ok,
c7,BB,image,9,72,e6f42985d808d61b,ok,ラベル違い・写っている鳥が違う（カモ→ハクチョウ）: コクチョウ,コクチョウ2羽,ok,
c7,BB,image,9,73,c30fbf9fe5fd93df,ok,ラベル違い・写っている鳥が違う（ハクチョウ→ガン）: ハクガン,白い体で風切りが黒いガン2羽が飛ぶ,ok,
c7,BB,image,9,74,64333d483e03c680,ok,ラベル違い・写っている鳥が違う（ハクチョウ→カモ）: カモ,#24 と同じ写真。右奥のぼけた白い鳥はハクチョウかどうか決めきれない,ok,
c7,BB,image,11,75,a5536024ebd69580,ok,黒いハクチョウ（ガンかカモと判定の群）,,ok,
c7,BB,image,11,76,62439d385f495f5f,ok,黒いハクチョウ（ガンかカモと判定の群）,,ok,
c7,BB,image,11,77,e6f42985d808d61b,ok,黒いハクチョウ（ハクチョウと判定の群）,コクチョウ2羽,ok,
c7,BB,image,11,78,90988bc54d845592,ok,黒いハクチョウ（ハクチョウと判定の群）,,ok,
c7,BB,image,11,79,768b6f700c9b6f72,ok,黒いハクチョウ（ガンかカモと判定の群）,,ok,
c7,BB,image,11,80,a0c526719a3f9b0f,ok,黒いハクチョウ（ガンかカモと判定の群）,,ok,
c7,BB,image,11,81,8c34199588023f39,ok,黒いハクチョウ（ガンかカモと判定の群）,,ok,
c7,BB,image,11,82,e622d2cf834e64dd,ok,黒いハクチョウ（ガンかカモと判定の群）,,ok,
c7,BB,slide,4,,,ok,誤りのうち25枚は写真どおりに答えており、正解ラベルが違う,表示の12枚はどれも予測の種が写り、ラベルの種は写らない（#24 の右奥のぼけた白い鳥は決めきれない）。表示していない13枚は確かめていない,ok,
c7,BB,slide,5,,,wrong,10枚は、カモメやサギなど6種のどれでもない鳥の写真,#27 にはコサギの奥にオスのマガモ（カモ）が飛んでおり、6種の1つが写っている,overclaim,スライドの主張: 大半の写真には合うが、上の見落とし・誤りのある写真で崩れる（主張全体が写真と違うわけではない）
c7,BB,slide,6,,,ok,モデルが見誤った15枚のうち12枚は黒いハクチョウ,コクチョウとした12枚はすべてコクチョウ,ok,
c7,BB,slide,8,,,ok,ガンと付いたラベル違い14枚は、カモかハクチョウの写真,14枚ともカモかハクチョウ類が写り、ガンは写らない（#52 はコクチョウとカモの両方）,ok,
c7,BB,slide,9,,,ok,カモかハクチョウと付いたラベル違い11枚も、写っている鳥が違う,ラベルの種は写らない。#74 の右奥のぼけた白い鳥はハクチョウかどうか決めきれない,ok,
c7,BB,slide,11,,,ok,黒いハクチョウ34枚のうち16枚をガンかカモと判定（写真はコクチョウ）,表示された番号付きの8枚はすべてコクチョウ。枚数と判定の数は確かめていない,ok,
c8,WZ,image,2,1,ea3604d122a4e6b8,none,混同行列のマス（ラベルカモ→予測ガン）。枚数だけで中身の説明なし,,none,
c8,WZ,image,2,2,a5536024ebd69580,none,混同行列のマス（ラベルカモ→予測ガン）。枚数だけで中身の説明なし,,none,
c8,WZ,image,2,3,77342c4f2ac0f91b,none,混同行列のマス（ラベルカモ→予測ハクチョウ）。枚数だけで中身の説明なし,,none,
c8,WZ,image,2,4,e6f42985d808d61b,none,混同行列のマス（ラベルカモ→予測ハクチョウ）。枚数だけで中身の説明なし,,none,
c8,WZ,image,2,5,7c5a386015a1cf89,none,混同行列のマス（ラベルガン→予測カモ）。枚数だけで中身の説明なし,,none,
c8,WZ,image,2,6,cf5d6bc1ade7ff18,none,混同行列のマス（ラベルガン→予測カモ）。枚数だけで中身の説明なし,,none,
c8,WZ,image,2,7,a421bd70e3bc83b0,none,混同行列のマス（ラベルガン→予測ハクチョウ）。枚数だけで中身の説明なし,,none,
c8,WZ,image,2,8,6c403fe46bccb17e,none,混同行列のマス（ラベルガン→予測ハクチョウ）。枚数だけで中身の説明なし,,none,
c8,WZ,image,2,9,768b6f700c9b6f72,none,混同行列のマス（ラベルハクチョウ→予測カモ）。枚数だけで中身の説明なし,,none,
c8,WZ,image,2,10,498ae254e1ce2c98,none,混同行列のマス（ラベルハクチョウ→予測カモ）。枚数だけで中身の説明なし,,none,
c8,WZ,image,2,11,62439d385f495f5f,none,混同行列のマス（ラベルハクチョウ→予測ガン）。枚数だけで中身の説明なし,,none,
c8,WZ,image,2,12,8c34199588023f39,none,混同行列のマス（ラベルハクチョウ→予測ガン）。枚数だけで中身の説明なし,,none,
c8,WZ,image,4,13,fbe34f827ba64b67,ok,ガン→ハクチョウ（写真の鳥はハクチョウ）。テレビ画面,テレビ画面に白いハクチョウ2羽とひな1羽,ok,
c8,WZ,image,4,14,90988bc54d845592,ok,ガン→ハクチョウ。黒い1羽,,ok,
c8,WZ,image,4,15,6c403fe46bccb17e,ok,ガン→ハクチョウ。白い2羽,,ok,
c8,WZ,image,4,16,818e6f19db055919,ok,ガン→カモ（写真の鳥はカモ）。ツクシガモ類,クロツクシガモの雄らしい,ok,
c8,WZ,image,4,17,77bfbbef28ac344c,ok,ガン→カモ。オシドリ,,ok,
c8,WZ,image,4,18,cf5d6bc1ade7ff18,ok,ガン→カモ。バリケン,嘴の付け根に赤い裸出部があり、バリケンで矛盾しない,ok,
c8,WZ,image,4,19,54b37811bb5e40ad,ok,カモ→ガン（写真の鳥はガン）。カナダガン,カナダガン2羽,ok,
c8,WZ,image,4,20,e8fbe13cc8504f51,ok,カモ→ガン。カナダガン,カナダガン2羽,ok,
c8,WZ,image,4,21,aca6645d590aa23f,ok,カモ→ガン。ガチョウ3羽,ハイイロガン型の3羽。家禽か野生かは決めきれない,ok,
c8,WZ,image,4,22,77342c4f2ac0f91b,ok,カモ→ハクチョウ（写真の鳥はハクチョウ）。白い群れ,コブハクチョウ4羽,ok,
c8,WZ,image,4,23,a292025d2530ca80,ok,カモ→ハクチョウ。黒とひな,コクチョウ1羽と右端にひな1羽,ok,
c8,WZ,image,4,24,e6f42985d808d61b,ok,カモ→ハクチョウ。黒い2羽,,ok,
c8,WZ,image,4,25,c30fbf9fe5fd93df,ok,ハクチョウ→ガン（写真の鳥はガン）。ハクガン,飛ぶ2羽。ハクガンかロスハクガンかは決めきれない,ok,
c8,WZ,image,5,26,2c7cee4d9b67df03,ok,ハトの群れ（6種のどれでもない鳥）,,ok,
c8,WZ,image,5,27,19e26aee9ea93c39,ok,カモメの群れ（6種のどれでもない鳥）,,ok,
c8,WZ,image,5,28,a421bd70e3bc83b0,wrong,コサギ（6種のどれでもない鳥）,コサギの後ろ（左上、翼の陰）にマガモの雄が1羽飛んでいる。6種のうちカモが写る,wrong,見落とし: 元の写真で、コサギの翼の後ろに雄のマガモ（6種のカモ。黄色いくちばし・橙の脚・白い尾）が飛ぶ。コサギだけ・6種以外の鳥とする説明は写真と違う
c8,WZ,image,5,29,cfae99f4ad4dfd04,ok,オオアオサギ（6種のどれでもない鳥）,首が褐色がかりオオアオサギで矛盾しない,ok,
c8,WZ,image,5,30,79220d3b1f196fcd,ok,ペリカン2羽（6種のどれでもない鳥）,コシグロペリカン2羽。右端の岸に一部だけ写る白っぽい物は何か決めきれない,ok,
c8,WZ,image,5,31,c0e238dad14e2833,ok,トサカゲリ（6種のどれでもない鳥）,ズグロトサカゲリ5羽,ok,
c8,WZ,image,5,32,cb6d8783a3617620,ok,バン2羽（6種のどれでもない鳥）,,ok,
c8,WZ,image,5,33,bfdb4c1235db8a5f,ok,オオバン（6種のどれでもない鳥）,,ok,
c8,WZ,image,5,34,75798b9525b6d72c,ok,カツオドリ類（6種のどれでもない鳥）,シロカツオドリ類の営巣地,ok,
c8,WZ,image,5,35,498ae254e1ce2c98,ok,オオバン（6種のどれでもない鳥）,,ok,
c8,WZ,image,6,36,895dbfa06f80d04b,ok,黒いハクチョウ（予測ガン、ラベルはカモ）,,ok,
c8,WZ,image,6,37,a5536024ebd69580,ok,黒いハクチョウ（予測ガン、ラベルはカモ）,灰褐色がかった若いコクチョウ,ok,
c8,WZ,image,6,38,eb1b1ae30dfe0859,ok,黒いハクチョウ（予測ガン）,コクチョウ2羽。奥と左端に小さくカモらしき鳥,ok,
c8,WZ,image,6,39,62439d385f495f5f,ok,黒いハクチョウ（予測ガン）,,ok,
c8,WZ,image,6,40,1cfc18d13e57ce38,ok,黒いハクチョウ（予測ガン）,,ok,
c8,WZ,image,6,41,768b6f700c9b6f72,ok,黒いハクチョウ（予測カモ）,,ok,
c8,WZ,image,6,42,ea3604d122a4e6b8,ok,それ以外。ヒドリガモ類（予測ガン）,アメリカヒドリの雄,ok,
c8,WZ,image,6,43,d21534a1cca6ec2d,ok,それ以外。ベニバシガモ（予測ガン）,手前はベニバシガモの雄。奥に茶色のカモ,ok,
c8,WZ,image,6,44,a0c526719a3f9b0f,ok,黒いハクチョウ（予測ガン）,,ok,
c8,WZ,image,6,45,8c34199588023f39,ok,黒いハクチョウ（予測ガン）,,ok,
c8,WZ,image,6,46,e622d2cf834e64dd,ok,黒いハクチョウ（予測ガン）,,ok,
c8,WZ,image,6,47,564baccf777e1ec7,ok,黒いハクチョウ（予測ガン）,,ok,
c8,WZ,image,6,48,0ea78a8ea4e50ab1,ok,黒いハクチョウ（予測ガン）,,ok,
c8,WZ,image,6,49,8f70ee9ebc91fad6,ok,黒いハクチョウ（予測ガン）,,ok,
c8,WZ,image,6,50,8c9b3a301f8b5d42,ok,それ以外。逆光の影（予測ハクチョウ）,逆光で飛ぶ鳥4羽。ガンらしいが種は決めきれない,ok,
c8,WZ,image,8,51,cbe005c8b3e5730e,ok,ガン→ハクチョウ（写真ではハクチョウ）。白い3羽,コブハクチョウ3羽（うち2羽は褐色まじりの若鳥）,ok,
c8,WZ,image,8,52,fbe34f827ba64b67,ok,ガン→ハクチョウ（写真ではハクチョウ）。テレビ画面,,ok,
c8,WZ,image,8,53,9856bd4e230ed3d8,wrong,ガン→ハクチョウ（写真ではハクチョウ）。黒い1羽,コクチョウ1羽のほかに、右下の隅に大きく、左の小道と首の後ろにも茶色のカモ（マガモの雌らしい）計3羽、手前と左にハトも写る,wrong,見落とし: コクチョウのほかに、マガモの雄1羽と雌3羽以上（右下手前は大きい）とハトが写る。ハクチョウだけの写真として扱う説明は写真と違う（ガンは写らないので、ラベルの誤りという判断は合う）
c8,WZ,image,8,54,90988bc54d845592,ok,ガン→ハクチョウ。黒い1羽,,ok,
c8,WZ,image,8,55,63321f1973f5cce9,ok,ガン→ハクチョウ。白い2羽,,ok,
c8,WZ,image,8,56,6c403fe46bccb17e,ok,ガン→ハクチョウ。白い2羽,,ok,
c8,WZ,image,8,57,65e297831c751675,ok,ガン→ハクチョウ。黒・白黒写真,,ok,
c8,WZ,image,8,58,a292025d2530ca80,ok,カモ→ハクチョウ（写真ではハクチョウ）。黒とひな,,ok,
c8,WZ,image,8,59,e6f42985d808d61b,ok,カモ→ハクチョウ。黒い2羽,,ok,
c8,WZ,image,9,60,7c5a386015a1cf89,ok,ガン→カモ（ラベルの入れ替わり）。マガモ,マガモの雄,ok,
c8,WZ,image,9,61,818e6f19db055919,ok,ガン→カモ。ツクシガモ類,,ok,
c8,WZ,image,9,62,ab56f23fa316ad56,ok,ガン→カモ。マガモ,マガモの雌,ok,
c8,WZ,image,9,63,77bfbbef28ac344c,ok,ガン→カモ。オシドリ,,ok,
c8,WZ,image,9,64,e9b707f0234531df,ok,ガン→カモ。カモの群れ,アカハシリュウキュウガモの群れ,ok,
c8,WZ,image,9,65,cf5d6bc1ade7ff18,ok,ガン→カモ。バリケン,,ok,
c8,WZ,image,9,66,dd00d4ae604259d9,ok,ガン→カモ。マガモ,マガモの雌3羽と雄1羽,ok,
c8,WZ,image,9,67,64e48b07e9a2add5,ok,カモ→ガン（ラベルの入れ替わり）。カナダガン,,ok,
c8,WZ,image,9,68,54b37811bb5e40ad,ok,カモ→ガン。カナダガン,,ok,
c8,WZ,image,9,69,679a5e597d44671f,ok,カモ→ガン。カナダガン,,ok,
c8,WZ,image,9,70,e8fbe13cc8504f51,ok,カモ→ガン。カナダガン,,ok,
c8,WZ,image,9,71,33ae590a0d97b084,ok,カモ→ガン。カナダガン,カナダガン2羽,ok,
c8,WZ,image,9,72,aca6645d590aa23f,ok,カモ→ガン。ガチョウ3羽,家禽か野生のハイイロガンかは決めきれない,ok,
c8,WZ,image,9,73,c30fbf9fe5fd93df,ok,ハクチョウ→ガン。ハクガン,,ok,
c8,WZ,slide,4,,,ok,24枚は写真がモデルの答えどおりで、ラベルのほうが誤っている,表示の13枚はすべて予測の種が写る,ok,
c8,WZ,slide,5,,,overclaim,10枚はサギやカモメなど、6種のどれでもない鳥の写真だ,#28 はコサギの後ろにマガモの雄が飛んでおり、カモが写る。ほかの9枚は6種以外の鳥,overclaim,スライドの主張: 大半の写真には合うが、上の見落とし・誤りのある写真で崩れる（主張全体が写真と違うわけではない）
c8,WZ,slide,6,,,ok,モデルが誤った15枚のうち12枚は、黒いハクチョウだ,,ok,
c8,WZ,slide,8,,,overclaim,ラベルがガンかカモの10枚は、写真ではハクチョウだ,番号の9枚はすべてハクチョウが写るが、#53 には茶色のカモ3羽とハトも写る,overclaim,スライドの主張: 大半の写真には合うが、上の見落とし・誤りのある写真で崩れる（主張全体が写真と違うわけではない）
c8,WZ,slide,9,,,ok,残る14枚のうち13枚は、ガンとカモのラベルが入れ替わっている,,ok,
c8,BB,image,2,1,ea3604d122a4e6b8,none,混同行列のマス（正解ラベルカモ→予測ガン）。枚数だけで中身の説明なし,,none,
c8,BB,image,2,2,a5536024ebd69580,none,混同行列のマス（正解ラベルカモ→予測ガン）。枚数だけで中身の説明なし,,none,
c8,BB,image,2,3,77342c4f2ac0f91b,none,混同行列のマス（正解ラベルカモ→予測ハクチョウ）。枚数だけで中身の説明なし,,none,
c8,BB,image,2,4,e6f42985d808d61b,none,混同行列のマス（正解ラベルカモ→予測ハクチョウ）。枚数だけで中身の説明なし,,none,
c8,BB,image,2,5,7c5a386015a1cf89,none,混同行列のマス（正解ラベルガン→予測カモ）。枚数だけで中身の説明なし,,none,
c8,BB,image,2,6,cf5d6bc1ade7ff18,none,混同行列のマス（正解ラベルガン→予測カモ）。枚数だけで中身の説明なし,,none,
c8,BB,image,2,7,a421bd70e3bc83b0,none,混同行列のマス（正解ラベルガン→予測ハクチョウ）。枚数だけで中身の説明なし,,none,
c8,BB,image,2,8,6c403fe46bccb17e,none,混同行列のマス（正解ラベルガン→予測ハクチョウ）。枚数だけで中身の説明なし,,none,
c8,BB,image,2,9,768b6f700c9b6f72,none,混同行列のマス（正解ラベルハクチョウ→予測カモ）。枚数だけで中身の説明なし,,none,
c8,BB,image,2,10,498ae254e1ce2c98,none,混同行列のマス（正解ラベルハクチョウ→予測カモ）。枚数だけで中身の説明なし,,none,
c8,BB,image,2,11,62439d385f495f5f,none,混同行列のマス（正解ラベルハクチョウ→予測ガン）。枚数だけで中身の説明なし,,none,
c8,BB,image,2,12,8c34199588023f39,none,混同行列のマス（正解ラベルハクチョウ→予測ガン）。枚数だけで中身の説明なし,,none,
c8,BB,image,4,13,7c5a386015a1cf89,ok,ガン→カモ（写真どおりに答え、ラベルが違う）。マガモ,マガモの雄,ok,
c8,BB,image,4,14,ab56f23fa316ad56,ok,ガン→カモ。マガモ,マガモの雌,ok,
c8,BB,image,4,15,e9b707f0234531df,ok,ガン→カモ。カモ,アカハシリュウキュウガモの群れ,ok,
c8,BB,image,4,16,dd00d4ae604259d9,ok,ガン→カモ。マガモ,マガモの雌3羽と雄1羽,ok,
c8,BB,image,4,17,54b37811bb5e40ad,ok,カモ→ガン（写真どおり）。カナダガン,カナダガン2羽,ok,
c8,BB,image,4,18,e8fbe13cc8504f51,ok,カモ→ガン。カナダガン,カナダガン2羽,ok,
c8,BB,image,4,19,aca6645d590aa23f,ok,カモ→ガン。ハイイロガン,ハイイロガン型の3羽。家禽のガチョウか野生かは決めきれない,ok,
c8,BB,image,4,20,fbe34f827ba64b67,ok,ガン→ハクチョウ（写真どおり）。ハクチョウ,テレビ画面に白いハクチョウ2羽とひな1羽,ok,
c8,BB,image,4,21,90988bc54d845592,ok,ガン→ハクチョウ。コクチョウ,,ok,
c8,BB,image,4,22,6c403fe46bccb17e,ok,ガン→ハクチョウ。ハクチョウ,コブハクチョウ2羽,ok,
c8,BB,image,4,23,a292025d2530ca80,ok,カモ→ハクチョウ（写真どおり）。コクチョウ,コクチョウ1羽と右端にひな1羽,ok,
c8,BB,image,4,24,64333d483e03c680,ok,ハクチョウ→カモ（写真どおり）。カモ,白黒写真で手前の2羽はカモらしい。右奥のぼやけた白い鳥は何か決めきれない,ok,
c8,BB,image,5,25,2c7cee4d9b67df03,ok,ハト（6種のどれでもない鳥）,,ok,
c8,BB,image,5,26,19e26aee9ea93c39,ok,カモメ（6種のどれでもない鳥）,,ok,
c8,BB,image,5,27,a421bd70e3bc83b0,wrong,コサギ（6種のどれでもない鳥）,コサギの後ろ（左上、翼の陰）にマガモの雄が1羽飛んでいる。6種のうちカモが写る,wrong,見落とし: 元の写真で、コサギの翼の後ろに雄のマガモ（6種のカモ。黄色いくちばし・橙の脚・白い尾）が飛ぶ。コサギだけ・6種以外の鳥とする説明は写真と違う
c8,BB,image,5,28,cfae99f4ad4dfd04,ok,オオアオサギ（6種のどれでもない鳥）,首が褐色がかりオオアオサギで矛盾しない,ok,
c8,BB,image,5,29,79220d3b1f196fcd,ok,ペリカン（6種のどれでもない鳥）,コシグロペリカン2羽。右端の岸に一部だけ写る白っぽい物は何か決めきれない,ok,
c8,BB,image,5,30,c0e238dad14e2833,ok,トサカゲリ（6種のどれでもない鳥）,ズグロトサカゲリ5羽,ok,
c8,BB,image,5,31,cb6d8783a3617620,ok,バン（6種のどれでもない鳥）,バン2羽,ok,
c8,BB,image,5,32,bfdb4c1235db8a5f,ok,オオバン（6種のどれでもない鳥）,,ok,
c8,BB,image,5,33,75798b9525b6d72c,ok,カツオドリ（6種のどれでもない鳥）,シロカツオドリ類の営巣地。種としてのカツオドリではないが、カツオドリ科の呼び名としてなら矛盾しない,ok,
c8,BB,image,5,34,498ae254e1ce2c98,ok,オオバン（6種のどれでもない鳥）,,ok,
c8,BB,image,6,35,eb1b1ae30dfe0859,ok,ハクチョウ→ガン（モデルが見誤った）。コクチョウ,コクチョウ2羽。奥と左端に小さくカモらしき鳥,ok,
c8,BB,image,6,36,62439d385f495f5f,ok,ハクチョウ→ガン。コクチョウ,,ok,
c8,BB,image,6,37,1cfc18d13e57ce38,ok,ハクチョウ→ガン。コクチョウ,,ok,
c8,BB,image,6,38,564baccf777e1ec7,ok,ハクチョウ→ガン。コクチョウ,,ok,
c8,BB,image,6,39,a0c526719a3f9b0f,ok,ハクチョウ→ガン。コクチョウ,,ok,
c8,BB,image,6,40,0ea78a8ea4e50ab1,ok,ハクチョウ→ガン。コクチョウ,,ok,
c8,BB,image,6,41,8c34199588023f39,ok,ハクチョウ→ガン。コクチョウ,,ok,
c8,BB,image,6,42,8f70ee9ebc91fad6,ok,ハクチョウ→ガン。コクチョウ,,ok,
c8,BB,image,6,43,e622d2cf834e64dd,ok,ハクチョウ→ガン。コクチョウ,,ok,
c8,BB,image,6,44,ea3604d122a4e6b8,ok,カモ→ガン（モデルが見誤った）。アメリカヒドリ,アメリカヒドリの雄,ok,
c8,BB,image,6,45,895dbfa06f80d04b,ok,カモ→ガン。コクチョウ,,ok,
c8,BB,image,6,46,a5536024ebd69580,ok,カモ→ガン。コクチョウ,灰褐色がかった若いコクチョウ,ok,
c8,BB,image,6,47,d21534a1cca6ec2d,ok,カモ→ガン。ベニバシガモ,手前はベニバシガモの雄。奥に茶色のカモ,ok,
c8,BB,image,6,48,8c9b3a301f8b5d42,ok,ガン→ハクチョウ（モデルが見誤った）。ガン,逆光で飛ぶ鳥4羽。形はガンらしいが種は決めきれない,ok,
c8,BB,image,6,49,768b6f700c9b6f72,ok,ハクチョウ→カモ。コクチョウ,,ok,
c8,BB,image,8,50,cbe005c8b3e5730e,ok,ガン→ハクチョウ（カモかハクチョウの写真）。ハクチョウ,コブハクチョウ3羽（うち2羽は褐色まじりの若鳥）,ok,
c8,BB,image,8,51,fbe34f827ba64b67,ok,ガン→ハクチョウ。ハクチョウ,テレビ画面のハクチョウ,ok,
c8,BB,image,8,52,9856bd4e230ed3d8,wrong,ガン→ハクチョウ。コクチョウ,コクチョウ1羽のほかに、右下の隅に大きく、左の小道と首の後ろにも茶色のカモ（マガモの雌らしい）計3羽、手前と左にハトも写る,wrong,見落とし: コクチョウのほかに、マガモの雄1羽と雌3羽以上（右下手前は大きい）とハトが写る。ハクチョウだけの写真として扱う説明は写真と違う（ガンは写らないので、ラベルの誤りという判断は合う）
c8,BB,image,8,53,90988bc54d845592,ok,ガン→ハクチョウ。コクチョウ,,ok,
c8,BB,image,8,54,63321f1973f5cce9,ok,ガン→ハクチョウ。ハクチョウ,コブハクチョウ2羽,ok,
c8,BB,image,8,55,6c403fe46bccb17e,ok,ガン→ハクチョウ。ハクチョウ,コブハクチョウ2羽,ok,
c8,BB,image,8,56,65e297831c751675,ok,ガン→ハクチョウ。コクチョウ,白黒写真のコクチョウ,ok,
c8,BB,image,8,57,7c5a386015a1cf89,ok,ガン→カモ（カモかハクチョウの写真）。マガモ,マガモの雄,ok,
c8,BB,image,8,58,818e6f19db055919,wrong,ガン→カモ。アヒル,アヒルとあるが、頭を隠して杭に立つのは灰色の細かい波状斑の体・白い雨覆・栗色の下尾筒をもつクロツクシガモの雄らしい野生のツクシガモ類（カモではある）,wrong,種名の誤り: 黒っぽい頭・灰色の細かい波模様の体・白い雨覆・栗色の下尾筒の野生のツクシガモ類（クロツクシガモの雄に近い）で、家禽のアヒルではない（カモの仲間という分け方は合う）
c8,BB,image,8,59,ab56f23fa316ad56,ok,ガン→カモ。マガモ,マガモの雌,ok,
c8,BB,image,8,60,77bfbbef28ac344c,ok,ガン→カモ。オシドリ,,ok,
c8,BB,image,8,61,e9b707f0234531df,ok,ガン→カモ。カモ,アカハシリュウキュウガモの群れ,ok,
c8,BB,image,8,62,cf5d6bc1ade7ff18,ok,ガン→カモ。バリケン,嘴の付け根に赤い裸出部があり、バリケンで矛盾しない,ok,
c8,BB,image,8,63,dd00d4ae604259d9,ok,ガン→カモ。マガモ,マガモの雌3羽と雄1羽,ok,
c8,BB,image,9,64,64e48b07e9a2add5,ok,カモ→ガン（写っている鳥が違う）。カナダガン,,ok,
c8,BB,image,9,65,679a5e597d44671f,ok,カモ→ガン。カナダガン,,ok,
c8,BB,image,9,66,33ae590a0d97b084,ok,カモ→ガン。カナダガン,カナダガン2羽,ok,
c8,BB,image,9,67,aca6645d590aa23f,ok,カモ→ガン。ハイイロガン,家禽のガチョウか野生かは決めきれない,ok,
c8,BB,image,9,68,54b37811bb5e40ad,ok,カモ→ガン。カナダガン,,ok,
c8,BB,image,9,69,e8fbe13cc8504f51,ok,カモ→ガン。カナダガン,,ok,
c8,BB,image,9,70,77342c4f2ac0f91b,ok,カモ→ハクチョウ（写っている鳥が違う）。ハクチョウ,コブハクチョウ4羽,ok,
c8,BB,image,9,71,a292025d2530ca80,ok,カモ→ハクチョウ。コクチョウ,ひなも1羽,ok,
c8,BB,image,9,72,e6f42985d808d61b,ok,カモ→ハクチョウ。コクチョウ,コクチョウ2羽,ok,
c8,BB,image,9,73,c30fbf9fe5fd93df,ok,ハクチョウ→ガン（写っている鳥が違う）。ハクガン,飛ぶ2羽。ハクガンかロスハクガンかは決めきれない,ok,
c8,BB,image,9,74,64333d483e03c680,ok,ハクチョウ→カモ。カモ,#24 と同じ写真。手前の2羽はカモらしい。右奥のぼやけた白い鳥は何か決めきれない,ok,
c8,BB,image,11,75,a5536024ebd69580,ok,黒いハクチョウ。ガンかカモと判定の群,,ok,
c8,BB,image,11,76,62439d385f495f5f,ok,黒いハクチョウ。ガンかカモと判定の群,,ok,
c8,BB,image,11,77,e6f42985d808d61b,ok,黒いハクチョウ。ハクチョウと判定の群,コクチョウ2羽,ok,
c8,BB,image,11,78,90988bc54d845592,ok,黒いハクチョウ。ハクチョウと判定の群,,ok,
c8,BB,image,11,79,768b6f700c9b6f72,ok,黒いハクチョウ。ガンかカモと判定の群,,ok,
c8,BB,image,11,80,a0c526719a3f9b0f,ok,黒いハクチョウ。ガンかカモと判定の群,,ok,
c8,BB,image,11,81,8c34199588023f39,ok,黒いハクチョウ。ガンかカモと判定の群,,ok,
c8,BB,image,11,82,e622d2cf834e64dd,ok,黒いハクチョウ。ガンかカモと判定の群,,ok,
c8,BB,slide,4,,,ok,誤りのうち25枚は写真どおりに答えており、正解ラベルが違う,表示の12枚はすべて予測の種が写る（#24 の右奥のぼやけた白い鳥は決めきれない）,ok,
c8,BB,slide,5,,,overclaim,10枚は、カモメやサギなど6種のどれでもない鳥の写真だ,#27 はコサギの後ろにマガモの雄が飛んでおり、カモが写る。ほかの9枚は6種以外の鳥,overclaim,スライドの主張: 大半の写真には合うが、上の見落とし・誤りのある写真で崩れる（主張全体が写真と違うわけではない）
c8,BB,slide,6,,,ok,モデルが見誤った15枚のうち12枚は、黒いハクチョウだ,,ok,
c8,BB,slide,6,,,unknown,黒いハクチョウは34枚中16枚をガンかカモと判定し、白い14枚はすべて正しい,表示の黒いハクチョウ12枚は予測がガンかカモで合うが、34枚・16枚・白い14枚は写真からは確かめられない,unknown,
c8,BB,slide,8,,,ok,ガンと付いたラベル違い14枚は、カモかハクチョウの写真だ,14枚ともガンは写らない。#52 はコクチョウとカモが両方写る,ok,
c8,BB,slide,9,,,ok,カモかハクチョウと付いたラベル違い11枚も、写っている鳥が違う,#74 の右奥のぼやけた白い鳥は何か決めきれない,ok,
c8,BB,slide,11,,,unknown,黒いハクチョウ34枚のうち16枚を、ガンかカモと判定した,表示の16枚はすべてコクチョウで判定の群とも合うが、34枚・16枚の数は写真からは確かめられない,unknown,
c8,BB,slide,11,,,unknown,白いハクチョウ14枚はすべてハクチョウと判定,白いハクチョウの写真は表示されていない,unknown,
